Timestamp,Battery (Battery - Volt)	,LM61 (System temperature - C)	,Solar panel (Solar radiation level - Levels)	,WindMeter (Wind speed - Beaufort)	,RainMeter (Rain - mm)	,WindDirection-v2 (Wind direction)	,SLHT5-Air (Air temperature - C)	,SLHT5-Air (Air humidity - %)	,EC5 (Soil moisture - %),
2016-03-01 00:38:00,4.06,-4.9,1,0,0,1,-3.9,95.3,58.7,
2016-03-01 01:39:20,4.06,-4.2,1,0,0,1,-3.3,95.8,58.7,
2016-03-01 02:40:39,4.05,-4.9,1,0,0,15,-3.4,95.5,58.7,
2016-03-01 03:41:59,4.02,-4.9,1,0,0,15,-3.4,95.5,58.1,
2016-03-01 04:43:18,4.06,-5.6,1,0,0,15,-4.2,93.8,58.1,
2016-03-01 05:44:38,4.06,-5.1,1,0,0,15,-4,95.1,57.5,
2016-03-01 06:45:57,4.02,-3.2,2,1,0,9,-2.1,95.9,57.5,
2016-03-01 07:47:17,4.06,-2,3,0,0,15,-1.1,93,58.1,
2016-03-01 08:48:37,4.07,-0.8,3,0,0,3,0.1,90.4,58.1,
2016-03-01 09:49:57,4.09,0.7,3,1,0,5,1.2,80.7,58.1,
2016-03-01 10:51:17,4.1,1.4,3,2,0,7,1.7,76.3,58.1,
2016-03-01 11:52:36,4.1,1.9,3,1,0,5,2.1,74.6,58.1,
2016-03-01 12:53:58,4.09,2.2,3,2,0,5,2.3,72.8,58.1,
2016-03-01 13:55:20,4.09,1.9,3,2,0,11,2.3,72,58.1,
2016-03-01 14:57:41,4.11,1.9,3,1,0,9,2.2,71.2,57.5,
2016-03-01 15:59:01,4.11,1.4,3,2,0,9,2,72.7,57.5,
2016-03-04 14:14:26,4.12,4.6,3,2,0,7,4,82.6,61,
2016-03-04 15:15:48,4.09,2.7,3,1,0,7,3,87.1,61.5,
2016-03-04 16:17:08,4.12,2.2,3,1,0,9,2.7,86.8,61.5,
2016-03-04 17:18:28,4.09,2.2,3,2,0,5,2.6,87.3,61,
2016-03-04 18:20:41,4.11,1.9,1,1,0,3,2.4,87.4,61.5,
2016-03-04 19:22:03,4.1,1.2,1,1,0,1,1.7,89,61.5,
2016-03-04 20:23:22,4.1,1.2,1,1,0,11,1.8,89.2,61.5,
2016-03-04 21:24:42,4.11,1,1,1,0,13,1.7,89.5,61,
2016-03-04 22:26:02,4.09,1,1,0,0,13,1.6,90.1,61,
2016-03-04 23:27:22,4.09,1,1,1,0,13,1.6,90.9,61.5,
2016-03-05 00:28:41,4.07,1,1,1,0,11,1.6,90.8,61,
2016-03-05 01:30:09,4.1,1.2,1,1,0,13,1.7,91.1,61,
2016-03-05 02:31:28,4.07,1.2,1,1,0,15,1.7,91.1,61.5,
2016-03-05 03:32:48,4.09,1,1,1,0,11,1.5,90.2,61,
2016-03-05 04:34:11,4.09,0.7,1,1,0,13,1.5,91.3,61,
2016-03-05 05:35:31,4.07,1.2,1,1,0,9,1.9,91.9,61.5,
2016-03-05 06:36:50,4.08,1.9,1,1,0,15,2.4,91.6,61,
2016-03-05 07:38:09,4.07,1.9,3,1,0,3,2.5,92.5,61,
2016-03-05 08:39:29,4.08,2.4,3,1,0,15,2.9,92.4,61,
2016-03-05 09:40:48,4.09,3.1,3,1,0,15,3.7,90.2,61,
2016-03-05 10:42:07,4.1,4.1,3,1,0,11,4.4,87.3,61,
2016-03-05 11:43:27,4.08,3.9,3,1,0,15,4.4,87.8,60.4,
2016-03-05 12:44:27,4.11,4.1,3,3,0,5,4.6,86.3,61,
2016-03-05 13:45:46,4.1,5.1,3,3,0,9,5.2,83.5,61,
2016-03-05 14:46:55,4.12,3.9,3,2,0,7,4.6,87.3,61,
2016-03-05 15:48:16,4.09,4.4,3,2,0,5,5.1,85.6,61,
2016-03-05 16:49:24,4.11,3.4,3,1,0,7,4.1,88.6,61,
2016-03-05 17:50:34,4.1,3.1,2,1,0,11,3.6,88.5,61,
2016-03-05 18:51:50,4.09,2.2,1,1,0.6,5,2.8,91.1,61,
2016-03-05 19:53:07,4.08,1.4,1,1,1.4,5,2.4,92.7,61.9,
2016-03-05 20:54:27,4.1,1.9,1,2,0.6,5,2.8,92.8,63.1,
2016-03-05 21:55:39,4.1,1.9,1,1,1.4,9,2.7,92.2,66,
2016-03-05 22:57:09,4.09,1.9,1,2,1.2,5,2.8,92.7,66.5,
2016-03-05 23:58:29,4.07,1.9,1,2,0.6,5,2.9,92.7,67.1,
2016-03-06 00:59:49,4.07,2.2,1,1,0.2,13,3,92.8,66.5,
2016-03-06 02:01:08,4.08,2.2,1,1,0.4,5,2.9,93.6,66,
2016-03-06 03:02:27,4.09,1.9,1,1,0.6,5,2.8,92.9,66,
2016-03-06 04:03:47,4.07,1.7,1,1,0.4,5,2.5,93.3,66,
2016-03-06 05:05:07,4.08,1.2,1,1,0.4,11,1.9,93.7,66,
2016-03-06 06:06:26,4.07,1,1,0,0.4,11,1.7,94.3,66,
2016-03-06 07:07:46,4.09,1.2,3,1,0.2,15,1.8,94.8,66,
2016-03-06 08:09:05,4.08,1.2,3,1,0.6,13,2,94.8,66,
2016-03-06 09:10:26,4.08,1.2,3,1,1.2,11,1.9,94.2,67.7,
2016-03-06 10:11:46,4.05,1.2,3,1,1.2,15,1.8,94.4,68.3,
2016-03-06 11:13:08,4.08,1,3,1,1.2,7,1.5,94.4,68.3,
2016-03-06 12:14:27,4.08,0.5,3,0,0.8,5,1,95.1,68.8,
2016-03-06 13:15:49,4.09,1,3,0,1.2,1,1.3,95.6,68.3,
2016-03-06 14:17:08,4.09,1,3,0,0.8,11,1.4,95.2,68.3,
2016-03-06 15:18:27,4.1,1,3,0,0.8,1,1.4,95.2,67.7,
2016-03-06 16:19:47,4.1,1.2,3,0,0.4,7,1.7,95,67.7,
2016-03-06 17:21:06,4.09,0.7,3,0,0.4,9,1.4,95,67.7,
2016-03-06 18:22:25,4.08,0.2,1,0,0.2,15,1,95.2,67.1,
2016-03-06 19:23:45,4.09,0,1,0,0.2,15,0.6,95.6,66.5,
2016-03-06 20:25:05,4.08,0,1,0,0,15,0.6,96.1,66.5,
2016-03-06 21:26:25,4.08,0,1,0,0.2,15,0.7,96.2,66,
2016-03-06 22:27:44,4.07,0,1,0,0.2,15,0.7,96.2,65.4,
2016-03-06 23:28:53,4.09,-0.3,1,1,0,9,0.5,96.2,65.4,
2016-03-07 00:30:13,4.08,-0.3,1,1,0.2,9,0.3,96.3,65.4,
2016-03-07 01:31:32,4.06,-0.5,1,1,0,9,0.2,96.5,66,
2016-03-07 02:32:53,4.07,-0.3,1,1,0,9,0.4,96.7,66,
2016-03-07 03:34:15,4.08,0,1,1,0.2,9,0.7,96.7,65.4,
2016-03-07 04:35:35,4.03,0.2,1,1,0.4,9,1,96.8,65.4,
2016-03-07 05:36:55,4.07,0.5,1,1,0.4,9,1.2,97,65.4,
2016-03-07 06:38:14,4.04,0.7,1,0,0,9,1.3,97.1,65.4,
2016-03-07 07:39:33,4.07,1.2,3,1,0.2,9,1.9,97.1,64.8,
2016-03-07 08:40:57,4.06,1.9,3,1,0,9,2.5,94.5,64.8,
2016-03-07 09:42:08,4.11,3.1,3,2,0,9,3.5,92.2,64.2,
2016-03-07 10:43:28,4.1,3.6,3,1,0,9,4,90,63.7,
2016-03-07 11:44:50,4.1,4.1,3,2,0,9,4.6,87.2,63.7,
2016-03-07 12:46:08,4.1,5.3,3,2,0,11,5.2,83,63.7,
2016-03-07 13:47:19,4.09,4.9,3,3,0,9,4.9,82.2,63.7,
2016-03-07 14:48:38,4.09,3.6,3,1,0,13,3.9,87.7,63.7,
2016-03-07 15:50:01,4.11,4.4,3,2,0,7,4.7,85.1,63.1,
2016-03-07 16:51:21,4.09,1.2,3,1,1.4,7,1.7,93.3,64.8,
2016-03-07 17:52:41,4.08,1.4,3,1,0.4,9,2.2,93.9,65.4,
2016-03-07 18:53:53,4.1,2.2,1,1,0,11,2.8,89.6,65.4,
2016-03-07 19:55:13,4.1,1.4,1,1,1.2,9,2.2,93.2,67.7,
2016-03-07 20:57:17,4.08,1.7,1,1,0.2,9,2.7,93.2,67.1,
2016-03-07 21:58:36,4.07,1.4,1,1,0,9,2.5,93.8,66,
2016-03-07 22:59:46,4.07,0,1,1,0,9,1.1,94.3,65.4,
2016-03-08 00:01:08,4.09,-0.3,1,0,0,9,0.7,95.1,64.8,
2016-03-08 01:02:28,4.09,0.2,1,1,0,9,1.2,95,64.8,
2016-03-08 03:05:26,4.07,-0.3,1,1,0,9,1.1,93.8,64.2,
2016-03-08 04:06:47,4.07,0,1,0,0,7,0.7,94.6,63.7,
2016-03-08 05:08:09,4.08,0.2,1,1,0,7,1.2,94.8,63.7,
2016-03-08 06:09:28,4.07,0,1,0,0,7,0.9,94.6,63.7,
2016-03-08 07:10:40,4.08,-0.3,3,0,0,7,0.7,94.8,63.7,
2016-03-08 08:12:00,4.07,1,3,0,0,9,1.2,95.5,63.7,
2016-03-08 09:13:19,4.07,1.4,3,1,0,9,1.9,95.1,63.1,
2016-03-08 10:14:39,4.07,2.2,3,0,0.4,9,1.9,95.5,63.7,
2016-03-08 10:20:11,4.11,4.1,3,1,4.2,9,2.2,95.6,63.7,
2016-03-08 10:26:40,4.13,5.6,3,0,0.8,9,2.7,95.1,63.7,
2016-03-08 10:32:47,4.12,5.8,3,1,2,9,3.4,92.2,63.1,
2016-03-08 11:34:06,4.1,3.9,3,1,2.2,9,3.7,87,63.1,
2016-03-08 12:35:27,4.09,4.1,3,1,0,15,3.8,85.7,63.7,
2016-03-08 13:36:46,4.11,3.9,3,1,0,9,3.9,85,63.7,
2016-03-08 14:38:06,4.1,2.7,3,1,2.6,9,3,92.5,63.1,
2016-03-08 15:39:25,4.11,3.1,3,1,0.4,9,3.6,91.9,63.7,
2016-03-08 16:40:37,4.11,2.9,3,1,0,13,3.1,94,63.7,
2016-03-08 17:41:57,4.09,2.2,3,0,0,13,2.9,93.2,63.7,
2016-03-08 18:43:22,4.11,0.5,1,0,0,15,2.4,93.5,63.1,
2016-03-08 19:44:43,4.09,1.9,1,0,0,5,2.7,92.7,63.1,
2016-03-08 20:45:54,4.11,1.9,1,1,0,7,2.9,91.7,63.1,
2016-03-08 21:47:14,4.07,2.2,1,1,0,9,3,93,63.1,
2016-03-08 22:48:35,4.1,1.2,1,1,0,9,2.1,93.3,63.1,
2016-03-08 23:49:53,4.07,1,1,1,0,9,1.9,93.6,63.1,
2016-03-09 00:51:21,4.09,0.5,1,1,0,9,1.3,94.4,63.1,
2016-03-09 01:52:41,4.08,-0.5,1,1,0,9,0.6,94.9,63.1,
2016-03-09 02:54:00,4.07,-1,1,1,0,7,0.4,94.2,63.7,
2016-03-09 03:55:20,4.08,-1,1,1,0,7,0.2,94.5,63.7,
2016-03-09 04:57:12,4.07,-1.2,1,1,0,9,0.1,94.8,63.7,
2016-03-09 05:58:32,4.08,-1.2,1,1,0,5,-0.1,94.8,63.7,
2016-03-09 06:59:52,4.08,-1,3,1,0,5,0,95.7,63.1,
2016-03-09 08:01:11,4.09,0,3,1,0.2,9,0.6,96.3,62.5,
2016-03-09 09:02:20,4.08,1.2,3,1,0,5,1.7,96.9,62.5,
2016-03-09 10:03:40,4.03,2.2,3,1,0,7,2.7,96.3,63.1,
2016-03-09 11:05:13,4.11,3.9,3,1,0,7,3.8,91.6,63.1,
2016-03-09 12:06:32,4.14,5.1,3,1,0,7,5.1,87.2,62.5,
2016-03-09 13:07:41,4.1,5.3,3,1,0,5,5.5,85.5,62.5,
2016-03-09 14:09:01,4.14,7.1,3,1,0,7,6.6,77.6,61.9,
2016-03-09 15:10:20,4.13,6.3,3,1,0,5,6.2,76.1,61.9,
2016-03-09 16:12:25,4.11,4.9,3,1,0,5,5.4,76.1,61.9,
2016-03-09 17:13:36,4.09,4.9,3,1,0,5,5.2,77.1,61.9,
2016-03-09 18:14:57,4.1,2.7,3,1,0,11,3.8,83.8,62.5,
2016-03-09 19:16:17,4.07,1.2,1,0,0,1,2.5,89,62.5,
2016-03-09 20:17:44,4.09,0.5,1,0,0,3,1.8,89.9,62.5,
2016-03-09 21:19:04,4.06,0,1,0,0,3,1.3,90.2,62.5,
2016-03-09 22:20:26,4.08,-0.5,1,0,0,7,0.9,91.5,62.5,
2016-03-09 23:21:49,4.07,-0.8,1,0,0,3,0.6,93.1,62.5,
2016-03-10 00:23:18,4.08,-1.5,1,0,0,3,-0.2,94.4,62.5,
2016-03-10 01:24:38,4.06,-0.3,1,0,0,15,0.5,95.8,62.5,
2016-03-10 02:25:57,4.07,0.5,1,0,0,3,1.1,94.7,61.9,
2016-03-10 03:27:17,4.04,0.7,1,1,0,7,1.2,92.5,61.9,
2016-03-10 04:28:38,4.09,0.7,1,0,0,9,1.4,90.7,61.9,
2016-03-10 05:29:58,4.07,0.2,1,0,0,15,1.3,90.1,61.9,
2016-03-10 06:31:18,4.08,-0.3,2,0,0,11,0.8,91.5,61.9,
2016-03-10 07:32:38,4.07,0.7,3,0,0,1,1.3,91.1,61.9,
2016-03-10 08:33:58,4.09,1.7,3,0,0,1,1.9,91.4,61.9,
2016-03-10 09:36:50,4.08,2.7,3,0,0,1,2.9,91.2,61.9,
2016-03-10 10:38:10,4.08,4.1,3,1,0,15,3.9,90.7,61.9,
2016-03-10 11:39:30,4.1,5.6,3,1,0,13,5.1,86.3,61.5,
2016-03-10 12:40:52,4.11,8.5,3,1,0,9,7.1,81.3,61.5,
2016-03-10 13:42:13,4.12,6.1,3,1,0,15,5.8,85.4,61.5,
2016-03-10 14:43:35,4.11,5.8,3,1,0,15,5.7,85.8,61.5,
2016-03-10 15:44:55,4.13,5.8,3,1,0,15,5.9,83.6,61.5,
2016-03-10 16:46:16,4.11,5.8,3,0,0,7,6.1,80.5,61.5,
2016-03-10 17:47:39,4.11,3.9,3,0,0,3,5.1,82.7,61.5,
2016-03-10 18:48:59,4.1,0.7,1,0,0,3,2.6,88.8,61.5,
2016-03-10 19:50:20,4.1,-0.5,1,0,0,3,1.3,90.4,61.5,
2016-03-10 20:51:40,4.06,-0.5,1,1,0,3,1,91.5,61.9,
2016-03-10 21:53:00,4.09,1.2,1,0,0,5,2,89.3,61.5,
2016-03-10 22:54:20,4.08,1,1,1,0,5,2,87.6,61.9,
2016-03-10 23:55:39,4.08,0,1,1,0,3,1,90.7,61.9,
2016-03-11 00:57:11,4.07,0.5,1,0,0,15,1.1,91.5,61.5,
2016-03-11 01:58:30,4.04,-1,1,0,0,3,0.6,89.8,61.9,
2016-03-11 02:59:50,4.07,-1.7,1,0,0,3,-0.3,93.8,61.5,
2016-03-11 04:01:12,4.05,-3.2,1,0,0,3,-1.2,93.7,61.5,
2016-03-11 05:02:32,4.07,-2.2,1,1,0,1,-1,95,61.5,
2016-03-11 06:03:51,4.05,-2.2,1,0,0,1,-1.1,95.2,61.5,
2016-03-11 07:05:11,4.08,-1,3,1,0,1,-0.3,95.9,61.5,
2016-03-11 08:06:30,4.07,-0.5,3,0,0,11,0.2,95.6,61.5,
2016-03-11 09:07:50,4.08,0.7,3,0,0,1,0.9,93.9,61.5,
2016-03-11 10:09:10,4.1,1.9,3,1,0,1,1.7,89.3,61.5,
2016-03-11 11:10:29,4.15,5.3,4,0,0,7,3.4,82.9,61,
2016-03-11 12:11:49,4.14,4.1,3,1,0,15,3,83.5,61,
2016-03-11 13:13:08,4.15,7.5,5,0,0,9,5.7,75.9,61,
2016-03-11 14:14:27,4.16,5.1,5,1,0,15,4.3,80.5,61,
2016-03-11 15:15:48,4.15,5.6,3,1,0,15,4.8,81.6,61,
2016-03-11 16:17:07,4.09,3.1,3,1,0,13,3,88.6,61,
2016-03-11 17:18:27,4.07,1.7,3,1,0,15,1.9,91.5,61,
2016-03-11 18:19:49,4.1,0,2,1,0,15,0.4,94.1,61,
2016-03-11 19:21:11,4.09,-0.5,1,1,7,15,0,95.7,61,
2016-03-11 20:22:31,4.09,-1,1,1,0,15,-0.6,95.9,61,
2016-03-11 21:23:51,4.08,-1.2,1,0,0,15,-0.8,96.2,61,
2016-03-11 22:25:11,4.08,-1.5,1,1,0,15,-1.1,96.2,61,
2016-03-11 23:26:31,4.07,-1.5,1,0,0,15,-1,96.4,61,
2016-03-12 00:27:50,4.07,-1.7,1,0,0,15,-1.2,96.5,61,
2016-03-12 01:29:09,4.08,-2.2,1,1,0,15,-1.6,96.5,61.5,
2016-03-12 02:30:29,4.07,-2.5,1,1,0,15,-1.9,96.5,61.5,
2016-03-12 03:31:49,4.07,-2.5,1,1,0,15,-1.9,96.6,61,
2016-03-12 04:33:08,4.07,-2.2,1,1,0,15,-1.6,96.7,61,
2016-03-12 05:34:28,4.07,-2,1,1,0,15,-1.5,96.8,61,
2016-03-12 06:35:48,4.07,-2,3,1,0,15,-1.5,96.8,61,
2016-03-12 07:37:07,4.05,-2.2,3,1,0,15,-1.7,96.8,61,
2016-03-12 08:38:26,4.06,-2,3,1,0,1,-1.4,96.8,61,
2016-03-12 09:39:46,4.08,-1.2,3,1,0,15,-0.9,96.9,61,
2016-03-12 10:41:05,4.09,-0.5,3,1,0.2,15,-0.2,96.9,61.5,
2016-03-12 11:42:25,4.1,0.2,3,1,0,1,0.2,96.9,61.5,
2016-03-12 12:43:44,4.1,1,3,1,0,15,0.8,96.9,61,
2016-03-12 13:45:04,4.09,1.2,3,1,0,15,1.1,96.7,61,
2016-03-12 14:46:24,4.1,1.7,3,1,0,15,1.4,95.9,61,
2016-03-12 15:47:58,4.1,1.4,3,1,0,15,1.4,95.2,61,
2016-03-12 16:49:17,4.07,1,3,1,0,15,1.1,95.4,61,
2016-03-12 17:50:38,4.08,0.5,3,1,0,15,0.8,96.1,61,
2016-03-12 18:51:57,4.08,-0.3,1,1,0,15,0.1,96.5,61,
2016-03-12 19:53:16,4.07,-0.8,1,1,0,15,-0.1,96.7,61,
2016-03-12 20:54:35,4.08,-1,1,1,0,15,-0.4,96.8,61.5,
2016-03-12 21:55:56,4.07,-1,1,1,0,1,-0.5,97,61,
2016-03-12 22:57:19,4.07,-1.2,1,1,0,15,-0.6,97,61,
2016-03-12 23:58:28,4.09,-1.2,1,1,0,15,-0.5,97.1,61.5,
2016-03-13 00:59:49,4.09,-1.2,1,1,0,1,-0.6,97.1,61.5,
2016-03-13 03:00:00,4.07,-1.5,1,1,0,15,-0.8,97.1,61.5,
2016-03-13 03:02:29,4.07,-1.5,1,0,0,15,-0.9,97.1,61.5,
2016-03-13 04:03:48,4.07,-1.7,1,0,0,15,-1.2,97.1,61.5,
2016-03-13 05:05:08,4.06,-1.7,1,0,0,15,-1,97.1,61.5,
2016-03-13 06:06:28,4.06,-1.7,1,0,0,1,-1.2,97.2,61.5,
2016-03-13 07:08:00,4.05,-1.7,3,1,0,1,-1.2,97.2,61.5,
2016-03-13 08:10:03,4.07,-1.5,3,1,0,13,-1,97.2,61.5,
2016-03-13 09:11:23,4.06,-0.8,3,0,0,13,-0.9,97.2,61,
2016-03-13 10:12:57,4.07,-0.3,3,1,0,15,-0.6,97.2,61,
2016-03-13 11:14:17,4.09,0.5,3,0,0,15,-0.2,97.3,61,
2016-03-13 12:15:36,4.1,0.7,3,0,0,9,-0.2,97.2,61,
2016-03-13 13:16:57,4.09,1,3,1,0,15,0,96.7,61,
2016-03-13 14:18:17,4.09,2.2,3,0,0,9,0.7,96.3,61,
2016-03-13 15:19:38,4.13,3.4,3,0,0,9,1.9,94.3,61,
2016-03-13 16:20:59,4.1,3.4,3,1,0,13,2.4,91.4,61,
2016-03-13 17:22:19,4.11,3.1,3,0,0,9,2.7,89.8,61,
2016-03-13 18:23:39,4.1,1.9,2,0,0,9,2.5,90.9,61,
2016-03-13 19:24:58,4.09,2.2,1,0,0,9,2.5,92.4,61,
2016-03-13 20:26:20,4.11,1.9,1,0,0,9,2.4,92.3,61,
2016-03-13 21:27:39,4.08,1.9,1,0,0,9,2.4,93.4,61,
2016-03-13 22:29:03,4.1,2.2,1,1,0,9,2.7,94.2,61,
2016-03-13 23:30:23,4.07,1.4,1,0,0,13,2.4,94.1,61.5,
2016-03-14 00:31:43,4.08,2.2,1,1,0,13,2.7,93.4,61,
2016-03-14 01:33:16,4.1,1.9,1,0,0,11,2.5,93.7,61,
2016-03-14 02:34:36,4.09,2.2,1,1,0,13,2.7,94.2,61,
2016-03-14 03:35:55,4.07,2.2,1,1,0,13,2.9,94.6,61,
2016-03-14 04:37:16,4.08,2.4,1,0,0,13,2.9,94.8,61,
2016-03-14 05:38:39,4.06,2.7,1,1,0,15,3.1,92.5,61,
2016-03-14 06:39:59,4.08,2.7,2,1,0,15,3.1,92.7,61,
2016-03-14 07:41:18,4.08,2.9,3,1,0,15,3.3,92.5,61,
2016-03-14 08:42:37,4.08,3.1,3,1,0,13,3.6,93.5,60.4,
2016-03-14 09:44:08,4.08,3.6,3,1,0,13,3.9,94.1,60.4,
2016-03-14 10:45:27,4.09,4.4,3,1,0,13,4.2,93.6,60.4,
2016-03-14 11:46:47,4.1,4.4,3,1,0,15,4.3,94,60.4,
2016-03-14 12:48:06,4.09,4.1,3,1,0,15,4.3,94.2,60.4,
2016-03-14 13:49:41,4.09,4.6,3,1,0,13,4.5,94.1,60.4,
2016-03-14 14:51:00,4.11,4.4,3,1,0,15,4.5,93.8,60.4,
2016-03-14 15:52:20,4.1,4.4,3,1,0,13,4.4,94.5,60.4,
2016-03-14 16:53:52,4.11,3.9,3,1,0,15,4.2,94.8,60.4,
2016-03-14 17:55:11,4.1,3.4,3,2,0,15,3.7,95.8,60.4,
2016-03-14 18:56:42,4.08,3.1,1,1,0,15,3.6,96.4,60.4,
2016-03-14 19:58:03,4.09,2.9,1,1,0,15,3.6,96.9,60.4,
2016-03-14 20:59:24,4.08,2.4,1,1,0,15,2.9,96.9,60.4,
2016-03-14 22:00:45,4.1,2.2,1,1,0,15,2.7,97.1,61,
2016-03-14 23:02:05,4.1,1.9,1,1,0,1,2.3,97.1,60.4,
2016-03-15 00:03:24,4.09,1.4,1,1,0,15,2,97.2,60.4,
2016-03-15 01:04:43,4.06,1.4,1,1,0,15,1.9,97.3,60.4,
2016-03-15 02:06:20,4.09,1.4,1,1,0,15,2.1,97.3,60.4,
2016-03-15 03:07:56,4.07,1.4,1,1,0,15,2,97.4,60.4,
2016-03-15 04:09:16,4.07,1.4,1,1,0,15,1.9,97.4,60.4,
2016-03-15 05:10:35,4.07,1.7,1,1,0,13,2.2,97.4,60.4,
2016-03-15 06:11:54,4.07,1.9,1,0,0,15,2.6,97.5,60.4,
2016-03-15 07:13:17,4.08,3.1,3,0,0,1,3.6,97.5,60.4,
2016-03-15 08:14:37,4.08,4.1,3,0,0,15,4.5,97.4,60.4,
2016-03-15 09:15:56,4.07,5.8,3,0,0,1,5.6,97.2,59.8,
2016-03-15 10:17:16,4.13,8,3,0,0,15,7.3,88,59.8,
2016-03-15 11:18:36,4.13,10,3,1,0,13,8.8,80.2,59.8,
2016-03-15 12:19:56,4.13,10.7,3,1,0,9,9.6,74.4,59.8,
2016-03-15 13:21:18,4.13,11.4,3,1,0,5,10.3,64.6,59.2,
2016-03-15 14:22:38,4.11,10,3,1,0,7,8.8,71.7,59.2,
2016-03-15 15:24:12,4.12,9.7,3,1,0,7,8.4,73.8,59.2,
2016-03-15 16:25:32,4.1,7.8,3,1,0,5,7.2,75.6,59.2,
2016-03-15 17:26:52,4.12,6.3,3,1,0,7,6,77.9,59.8,
2016-03-15 18:28:15,4.1,3.6,2,1,0,7,4.3,82.7,59.8,
2016-03-15 19:29:35,4.1,2.4,1,1,0,7,3.4,86.3,59.8,
2016-03-15 20:30:55,4.06,1.4,1,1,0,5,2.5,88.8,59.8,
2016-03-15 21:32:15,4.08,0.7,1,1,0,5,1.9,89.9,59.8,
2016-03-15 22:33:54,4.08,0.7,1,1,0,5,1.7,88.6,59.8,
2016-03-15 22:34:27,4.08,0.7,1,1,0,5,1.7,88.6,59.8,
2016-03-15 23:36:01,4.07,-0.3,1,0,0,7,1.1,90.4,59.8,
2016-03-16 00:37:23,4.07,-1.2,1,0,0,3,0.1,91.4,59.8,
2016-03-16 01:38:44,4.08,-0.3,1,0,0,11,1.1,90,59.8,
2016-03-16 02:40:33,4.06,-2.2,1,0,0,11,-0.3,91,59.8,
2016-03-16 03:41:53,4.06,-3,1,0,0,11,-0.8,94.2,59.8,
2016-03-16 04:43:17,4.05,-3,1,0,0,11,-1.5,93,60.4,
2016-03-16 05:44:43,4.06,-3.7,1,0,0,11,-2.1,94.5,59.8,
2016-03-16 06:46:06,4.07,-4.2,3,0,0,11,-2.3,94.3,59.8,
2016-03-16 07:47:26,4.06,-2.7,3,0,0,11,-1.2,95.9,60.4,
2016-03-16 08:48:45,4.11,2.2,3,0,0,7,2.7,96.3,59.8,
2016-03-16 09:50:05,4.12,6.6,3,1,0,11,4.9,85.8,59.2,
2016-03-16 10:51:24,4.13,9.7,3,1,0,9,6.5,78.2,59.2,
2016-03-16 11:52:43,4.15,8,5,1,0,15,6.4,74.8,58.7,
2016-03-16 12:54:03,4.15,8.5,5,1,0,15,6.9,62.5,58.7,
2016-03-16 13:55:22,4.15,9.2,5,1,0,13,8,61.5,58.1,
2016-03-16 14:57:23,4.15,9.5,3,1,0,15,8.4,56.3,58.1,
2016-03-16 15:58:44,4.09,9.2,3,1,0,13,8.5,61.9,58.7,
2016-03-16 17:00:04,4.1,8.3,3,1,0,15,8.1,63.7,58.7,
2016-03-16 18:01:25,4.11,6.3,3,1,0,15,6.4,72.3,58.7,
2016-03-16 19:02:45,4.09,3.4,1,0,0,15,4.7,78.4,58.7,
2016-03-16 20:04:05,4.08,2.2,1,0,0,9,3.7,84.1,59.2,
2016-03-16 21:05:31,4.08,1.4,1,0,0,9,3.2,84.3,58.7,
2016-03-16 22:06:51,4.07,1,1,1,0,9,2.2,85.7,59.2,
2016-03-16 23:08:12,4.07,0.5,1,0,0,9,2,85.1,59.2,
2016-03-17 00:09:31,4.07,0,1,0,0,11,1.4,86.1,59.2,
2016-03-17 01:10:50,4.08,-0.3,1,0,0,11,1.3,86.5,59.2,
2016-03-17 02:12:10,4.06,-0.5,1,1,0,9,0.7,87.4,59.2,
2016-03-17 03:13:30,4.07,-0.5,1,0,0,11,1,88.3,59.2,
2016-03-17 04:15:04,4.06,-0.3,1,0,0,11,1.2,89.3,59.2,
2016-03-17 05:16:38,4.06,0.2,1,0,0,13,1.4,90.6,59.2,
2016-03-17 05:17:33,4.06,0.2,1,0,0,13,1.4,90.6,59.2,
2016-03-17 06:18:39,4.07,-0.3,3,1,0,9,1.1,91.8,59.2,
2016-03-17 07:19:58,4.07,0,3,0,0,9,1.1,93.9,58.7,
2016-03-17 08:21:18,4.07,2.7,3,1,0,11,4.2,88.9,58.7,
2016-03-17 09:22:39,4.12,7.1,3,2,0,13,6.5,81.2,58.7,
2016-03-17 10:23:59,4.15,8.3,3,2,0,11,7.6,78.4,58.1,
2016-03-17 11:25:18,4.12,9.7,3,2,0,13,8.8,76.2,57.5,
2016-03-17 12:26:37,4.14,10.2,5,2,0,13,9.4,75.5,57.5,
2016-03-17 13:27:56,4.15,10.2,4,2,0,15,9.7,75.4,56.9,
2016-03-17 14:29:16,4.14,10,3,2,0,13,9.5,76.7,56.9,
2016-03-17 15:30:35,4.13,10.5,3,2,0,15,9.6,76.7,56.9,
2016-03-17 16:31:54,4.1,7.1,3,2,0,15,7.1,85.4,57.5,
2016-03-17 17:33:14,4.1,5.8,3,2,4.8,13,6.3,88.7,56.9,
2016-03-17 18:34:34,4.09,5.1,1,2,0,13,5.7,89.7,57.5,
2016-03-17 19:35:53,4.08,4.6,1,2,0,13,5.1,91,57.5,
2016-03-17 20:37:13,4.08,4.4,1,2,0,13,4.9,90.9,57.5,
2016-03-17 21:38:36,4.1,4.4,1,1,0,13,5,91.4,57.5,
2016-03-17 22:39:56,4.08,4.6,1,1,0,13,5.1,90.9,57.5,
2016-03-17 23:41:15,4.07,4.4,1,1,0,15,4.9,90.4,57.5,
2016-03-18 00:42:35,4.08,4.1,1,1,0,15,4.6,91,57.5,
2016-03-18 01:43:54,4.06,3.9,1,1,0,15,4.3,91.6,57.5,
2016-03-18 02:45:13,4.07,3.4,1,1,0,15,4,92.6,57.5,
2016-03-18 03:46:52,4.08,3.1,1,2,0,13,3.6,93.3,57.5,
2016-03-18 04:48:13,4.06,2.9,1,1,0,13,3.3,94.4,58.1,
2016-03-18 05:49:32,4.07,2.4,1,1,0,15,3,95.4,57.5,
2016-03-18 06:50:51,4.07,2.4,3,1,0,15,2.9,95.7,57.5,
2016-03-18 07:52:11,4.07,2.7,3,1,0,15,3.1,95.5,57.5,
2016-03-18 08:54:34,4.03,3.4,3,1,0,15,3.5,93.8,57.5,
2016-03-18 09:55:54,4.1,4.6,3,1,0,15,4.2,89.8,57.5,
2016-03-18 10:57:14,4.11,6.6,3,1,0,13,5.6,87.4,56.9,
2016-03-18 11:58:33,4.13,6.8,3,1,0,15,6.3,86.2,56.9,
2016-03-18 12:59:56,4.14,7.3,4,2,0,15,6.6,85.7,56.9,
2016-03-18 14:01:19,4.14,7.1,3,2,0,15,6.2,85.8,56.9,
2016-03-18 15:02:38,4.14,7.3,3,1,0,15,6.7,82.5,56.3,
2016-03-18 16:03:58,4.1,6.3,3,2,0,15,6.1,85.1,56.9,
2016-03-18 17:05:18,4.09,5.3,3,1,0,15,5.3,87.8,56.9,
2016-03-18 18:06:38,4.1,2.9,3,1,0,15,3.4,92,56.9,
2016-03-18 19:07:57,4.09,1.9,1,1,0,15,2.4,94.4,57.5,
2016-03-18 20:09:23,4.09,1.4,1,1,0,15,2.2,94.9,57.5,
2016-03-18 21:10:43,4.09,1.4,1,1,0,15,1.9,95.4,57.5,
2016-03-18 22:12:03,4.08,1,1,1,0,13,1.4,95.7,57.5,
2016-03-18 23:13:23,4.08,0.2,1,0,0,13,0.8,95.7,57.5,
2016-03-19 00:14:42,4.07,-0.5,1,0,0,9,0.1,95.6,57.5,
2016-03-19 01:16:02,4.07,-1.2,1,0,0,11,-0.2,95.9,57.5,
2016-03-19 02:17:22,4.07,-0.8,1,0,0,11,-0.2,96.1,57.5,
2016-03-19 03:18:41,4.07,-0.5,1,1,0,13,0,96.3,57.5,
2016-03-19 04:20:01,4.07,-0.3,1,1,0,9,0.5,96.4,57.5,
2016-03-19 05:21:21,4.07,-0.3,1,0,0,13,0.6,96.5,57.5,
2016-03-19 06:22:41,4.07,0.2,3,1,0,7,0.9,96.5,57.5,
2016-03-19 07:24:02,4.07,1.7,3,1,0,9,2.4,96.7,57.5,
2016-03-19 08:25:37,4.06,3.6,3,1,0,11,4,92.7,57.5,
2016-03-19 09:26:56,4.07,4.9,3,1,0,11,4.8,88.6,57.5,
2016-03-19 10:28:16,4.11,6.3,3,1,0,11,6,87,57.5,
2016-03-19 11:29:35,4.16,8.5,5,1,0,13,7.8,83.2,56.9,
2016-03-19 12:30:55,4.15,10.7,4,2,0,13,9.3,77.2,56.3,
2016-03-19 13:32:16,4.15,7.8,3,2,0,13,6.9,83.2,56.3,
2016-03-19 14:33:37,4.11,6.1,3,1,0,13,5.5,84.8,56.3,
2016-03-19 15:34:57,4.1,5.6,3,1,0,13,5.7,79.6,56.3,
2016-03-19 16:36:17,4.11,6.6,3,2,0,13,6.5,80.8,56.3,
2016-03-19 17:37:37,4.1,6.1,3,1,0,13,6.3,83.9,56.3,
2016-03-19 18:38:57,4.11,4.4,2,1,0,15,5.3,86.6,56.9,
2016-03-19 19:40:16,4.1,2.2,1,0,0,15,4,89,56.9,
2016-03-19 20:41:37,4.1,1.4,1,1,0,9,3,92.4,56.9,
2016-03-19 21:43:02,4.11,1.4,1,1,0,9,2.6,91.6,56.9,
2016-03-19 22:44:22,4.09,0.5,1,1,0,9,1.7,92.6,56.9,
2016-03-19 23:45:42,4.1,0,1,0,0,11,1.6,92.9,56.9,
2016-03-20 00:47:01,4.07,1.4,1,0,0,9,2.6,95,57.5,
2016-03-20 01:48:21,4.07,3.1,1,0,0,11,3.9,93.4,56.9,
2016-03-20 02:49:40,4.08,3.6,1,1,0,13,4.3,91.5,56.9,
2016-03-20 03:50:59,4.07,3.6,1,1,0,13,4.2,90,56.9,
2016-03-20 04:52:19,4.08,3.4,1,1,0,13,4,90.9,56.9,
2016-03-20 05:56:25,4.07,3.4,1,1,0,13,3.9,90.9,56.9,
2016-03-20 06:56:10,4.09,3.4,3,1,0,13,3.8,90.6,56.9,
2016-03-20 07:57:29,4.09,3.4,3,1,0,13,3.8,91,56.9,
2016-03-20 08:58:49,4.09,3.9,3,1,0,13,4.2,89.8,56.9,
2016-03-20 10:00:08,4.09,5.8,3,1,0,15,5.2,88.2,56.9,
2016-03-20 11:01:29,4.12,7.3,3,1,0,15,6.2,85.2,56.3,
2016-03-20 12:02:48,4.13,8,3,1,0,13,6.9,83.6,56.3,
2016-03-20 13:04:07,4.13,8.5,3,1,0,13,7.6,81.3,55.8,
2016-03-20 14:05:26,4.11,8.3,3,2,0,15,7.6,78.4,55.8,
2016-03-20 15:06:46,4.1,7.3,3,2,0,15,7.1,81,55.8,
2016-03-20 16:08:05,4.11,7.5,3,1,0,15,7.6,81.1,55.8,
2016-03-20 17:09:24,4.11,6.6,3,2,0,15,6.4,86.2,55.8,
2016-03-20 18:10:45,4.09,3.9,3,2,0,13,4.2,91.4,56.3,
2016-03-20 19:12:05,4.1,1.9,1,0,0,13,3.1,93,56.3,
2016-03-20 20:13:27,4.1,1.4,1,0,0,15,2.8,94.4,56.3,
2016-03-20 21:14:46,4.08,1.2,1,1,0,9,2.2,95.2,56.3,
2016-03-20 22:16:06,4.09,1.7,1,1,0,11,2.4,95.2,56.3,
2016-03-20 23:17:26,4.08,1.9,1,0,0,9,3.2,89.4,56.3,
2016-03-21 00:18:49,4.09,2.4,1,0,0,13,3.7,90,56.3,
2016-03-21 01:20:10,4.09,3.9,1,1,0,11,4.5,89.6,56.3,
2016-03-21 02:21:29,4.08,4.1,1,1,0,11,4.9,90.1,56.3,
2016-03-21 03:22:51,4.1,4.1,1,1,0,11,4.9,88.4,56.3,
2016-03-21 05:26:45,4.08,2.2,1,1,0,11,3.3,90.6,56.3,
2016-03-21 06:28:10,4.08,2.4,3,1,0,11,3.4,91.1,56.3,
2016-03-21 07:29:33,4.05,3.9,3,1,0,13,4.3,90.7,56.3,
2016-03-21 08:31:03,4.1,4.9,3,2,0,13,5.1,89.8,56.3,
2016-03-21 09:32:39,4.11,5.8,3,2,0,13,5.9,87.9,56.3,
2016-03-21 10:35:35,4.15,7.8,5,2,0,13,7,83.5,55.8,
2016-03-21 11:36:58,4.14,9,5,2,0,13,7.8,80.1,55.2,
2016-03-21 12:38:21,4.14,9,3,2,0,15,8.3,77.6,55.2,
2016-03-21 13:39:35,4.13,9.5,3,2,0,15,8.8,75.1,55.2,
2016-03-21 14:40:59,3.82,10.2,3,2,0,15,9.7,64.4,54.6,
2016-03-21 15:42:24,4.1,9.5,3,2,0,15,9.1,62.6,54.6,
2016-03-21 16:43:49,4.1,7.5,3,2,0,15,7.7,68.1,55.2,
2016-03-21 17:45:13,4.12,6.8,3,2,0,15,7.2,74.9,54.6,
2016-03-21 18:46:36,4.11,5.8,1,1,0,13,6.4,82.7,55.2,
2016-03-21 19:48:01,4.11,4.4,1,1,0,13,5.3,87.5,55.2,
2016-03-21 20:49:24,4.1,4.6,1,1,0,13,5.3,88.9,55.2,
2016-03-21 21:50:47,4.08,4.9,1,1,0,13,5.6,86.4,55.2,
2016-03-21 22:52:10,4.09,4.1,1,1,0,13,4.9,88.1,55.2,
2016-03-22 01:57:43,4.1,4.1,1,0,0,11,4.8,91.6,55.2,
2016-03-22 02:59:06,4.07,4.1,1,1,0,13,4.9,91.1,55.2,
2016-03-22 04:00:30,4.07,4.4,1,1,0,13,5.1,91,55.2,
2016-03-22 05:01:53,4.07,4.6,1,1,0,13,5.1,90.6,55.2,
2016-03-22 06:03:16,4.09,4.4,2,2,0,15,4.9,88.6,55.2,
2016-03-22 07:04:40,4.08,4.1,3,1,0,15,4.7,89.1,55.2,
2016-03-22 08:06:18,4.08,4.4,3,1,0,13,4.8,88.7,55.2,
2016-03-22 09:07:40,4.1,5.1,3,1,0,15,5.3,88.5,55.2,
2016-03-22 10:09:04,4.11,5.8,3,1,0,13,5.7,86.8,55.2,
2016-03-22 11:10:27,4.11,6.8,3,1,0,11,6.4,85.3,54.6,
2016-03-22 12:11:52,4.1,8,3,1,0,13,7,82,55.8,
2016-03-22 13:13:15,4.12,8,3,1,0,13,7.2,82.6,54.6,
2016-03-22 14:14:52,4.11,7.8,3,1,0,13,7.2,81,54.6,
2016-03-22 15:16:16,4.12,7.8,3,1,0,13,7.4,79.9,54.6,
2016-03-22 16:17:39,4.11,7.5,3,1,0,9,7.5,76.8,54.6,
2016-03-22 17:19:02,4.12,7.1,3,1,0,13,7.3,80.8,54.6,
2016-03-22 18:21:11,4.1,6.6,3,1,0,9,6.7,78.6,54.6,
2016-03-22 19:22:34,4.1,4.1,1,0,0,7,5.4,80.8,54.6,
2016-03-22 20:23:57,4.11,3.6,1,1,0,7,4.7,84,54.6,
2016-03-22 21:25:29,4.11,3.6,1,1,0,7,4.6,89.1,54.6,
2016-03-22 22:26:53,4.07,4.9,1,2,0,9,5.4,89.1,55.2,
2016-03-22 23:28:30,4.09,4.6,1,1,0,9,5.2,89.9,55.2,
2016-03-23 00:29:53,4.11,4.4,1,1,0,9,5,90.7,55.2,
2016-03-23 01:31:17,4.07,4.4,1,1,0,11,4.9,89.1,55.2,
2016-03-23 02:32:41,4.1,3.6,1,1,0,13,4.4,90,55.2,
2016-03-23 03:34:04,4.1,3.4,1,1,0,13,3.8,91.9,55.2,
2016-03-23 04:35:27,4.09,3.1,1,1,0,11,3.7,92.5,55.2,
2016-03-23 05:36:50,4.08,3.4,1,1,0,11,4,92.1,55.2,
2016-03-23 06:38:13,4.09,4.1,3,1,0,11,4.5,89.9,55.2,
2016-03-23 07:39:37,4.06,4.4,3,1,0,13,4.7,89.7,55.2,
2016-03-23 08:41:01,4.11,5.1,3,2,0,15,5.3,88.3,55.2,
2016-03-23 09:42:25,4.11,5.8,3,2,0,15,5.8,85.3,54.6,
2016-03-23 10:43:51,4.12,5.1,3,2,0,15,5.2,87.8,55.2,
2016-03-23 11:45:14,4.12,5.8,3,1,0,15,5.8,84.4,54.6,
2016-03-23 12:46:39,4.15,8.5,3,2,0,15,7.6,79.2,54,
2016-03-23 13:47:59,4.12,7.3,3,2,0,15,6.8,80.5,54,
2016-03-23 14:49:19,4.12,6.6,3,2,0,15,6.2,80.1,54,
2016-03-23 15:50:39,4.12,6.6,3,2,0,15,6.8,76.6,54,
2016-03-23 16:52:00,4.11,6.8,3,2,0,15,6.8,75.7,54,
2016-03-23 17:53:20,4.11,6.1,3,1,0,15,6.2,78.7,54,
2016-03-23 18:54:43,4.12,3.6,1,1,0,15,4.5,83.5,54.6,
2016-03-23 19:56:06,4.1,2.7,1,1,0,15,3.6,87.1,54.6,
2016-03-23 20:57:30,4.09,1.7,1,1,0,15,2.9,88.4,54.6,
2016-03-23 21:58:52,4.09,0.5,1,0,0,15,1.9,90.5,54.6,
2016-03-23 23:00:11,4.09,-0.3,1,0,0,15,1.4,92.2,54.6,
2016-03-24 00:01:32,4.09,-0.3,1,0,0,11,1.3,93.1,54.6,
2016-03-24 01:02:55,4.09,-2,1,1,0,9,-0.2,94.5,54.6,
2016-03-24 02:04:15,4.07,-1.2,1,0,0,7,0.7,94.8,54.6,
2016-03-24 03:05:38,4.09,-1.5,1,0,0,9,0,95.4,54.6,
2016-03-24 05:09:17,4.06,-2.2,1,1,0,5,-1.5,95.3,54.6,
2016-03-24 06:10:37,4.07,-3,3,0,0,5,-2,95.5,54.6,
2016-03-24 07:11:56,4.07,-2.7,3,0,0,5,-1.9,95.7,54.6,
2016-03-24 08:13:16,4.1,0,3,1,0,5,1.6,96.4,56.3,
2016-03-24 09:14:35,4.12,5.6,3,2,0,9,5.4,86.8,54.6,
2016-03-24 10:15:54,4.11,7.3,3,1,0,7,6.2,79,54,
2016-03-24 11:17:14,4.09,9,3,1,0,9,7.6,73.8,54,
2016-03-24 12:18:34,4.11,7.8,3,2,0,5,7.4,70,53.7,
2016-03-24 13:19:55,4.11,8.3,3,2,0,7,7.6,70.9,53.7,
2016-03-24 14:21:15,4.1,8,3,2,0,9,7.6,73.6,53.7,
2016-03-24 15:22:39,4.11,9,3,2,0,9,8.2,62.6,53.1,
2016-03-24 16:24:04,4.11,8.5,3,2,0,9,8.2,61.4,53.1,
2016-03-24 17:25:28,4.12,7.1,3,2,0.2,9,7.3,66.3,53.7,
2016-03-24 18:26:52,4.1,5.6,3,2,0,9,6.1,75.6,53.7,
2016-03-24 19:28:16,4.1,5.3,1,1,0,5,5.9,80.4,53.1,
2016-03-24 20:29:39,4.07,5.6,1,2,0,9,6.1,83,53.7,
2016-03-24 21:31:04,4.1,5.3,1,1,0,9,5.9,85.3,53.1,
2016-03-24 22:32:28,4.1,5.1,1,1,0,9,5.5,88.4,53.1,
2016-03-24 23:33:47,4.08,4.9,1,1,0,9,5.3,90.8,53.7,
2016-03-25 00:35:09,4.1,4.6,1,1,0.4,9,5.2,92.9,53.7,
2016-03-25 01:36:32,4.08,4.1,1,1,0,9,4.9,92.7,53.7,
2016-03-25 02:38:02,4.08,4.4,1,1,0,9,5,92.5,53.7,
2016-03-25 03:39:27,4.09,4.1,1,1,0,9,4.7,92.3,53.7,
2016-03-25 04:40:50,4.08,3.9,1,1,0,9,4.6,92.7,53.7,
2016-03-25 05:42:15,4.08,4.1,1,1,0,7,4.7,92,53.7,
2016-03-25 06:43:39,4.07,3.9,3,1,0,9,4.7,92.8,53.7,
2016-03-25 07:45:02,4.09,4.4,3,1,0,9,5.1,92.4,53.7,
2016-03-25 08:46:25,4.09,5.3,3,2,0,9,5.8,91.4,53.7,
2016-03-25 09:47:49,4.09,6.1,3,2,0,7,6.2,91.6,53.7,
2016-03-25 10:49:12,4.09,6.6,3,2,0,9,6.8,89.5,53.7,
2016-03-25 11:51:26,4.12,7.3,3,2,0.2,9,7.4,88.2,54,
2016-03-25 12:52:52,4.1,7.8,3,2,0,9,7.8,86.8,54,
2016-03-25 13:54:15,4.11,7.8,3,2,0,9,7.8,87.5,54,
2016-03-25 14:55:38,4.12,7.5,3,2,0,9,7.7,88.5,54,
2016-03-25 15:57:03,4.13,7.3,3,1,0,9,7.6,89.6,54,
2016-03-25 16:58:25,4.09,7.1,3,2,0,11,7.4,90.1,54,
2016-03-25 17:59:48,4.1,6.6,3,0,0,11,7.2,93.7,54,
2016-03-25 19:01:12,4.12,6.8,1,1,0,9,7.3,93.2,54,
2016-03-25 20:02:35,4.1,6.3,1,1,0,13,7,92.8,54,
2016-03-25 21:03:59,4.1,4.6,1,1,0,13,5.6,92.3,54,
2016-03-25 22:05:23,4.1,4.1,1,1,0,13,5.2,87.6,54,
2016-03-25 23:07:00,4.08,2.9,1,0,0,11,4.2,89.2,54,
2016-03-26 00:08:23,4.1,3.6,1,1,0,13,4.6,88.8,54,
2016-03-26 01:09:46,4.08,3.1,1,1,0,13,4.1,90.8,54,
2016-03-26 02:11:10,4.08,2.7,1,1,0,11,3.7,90.9,54,
2016-03-26 03:12:33,4.08,2.4,1,1,0,13,3.5,92.4,54,
2016-03-26 04:13:58,4.09,1.7,1,1,0,13,2.8,93.4,54.6,
2016-03-26 05:15:20,4.08,2.4,1,2,0,13,3.2,94.1,54.6,
2016-03-26 06:16:43,4.09,2.7,3,2,0,13,3.2,95.3,54.6,
2016-03-26 07:18:06,4.07,3.1,3,1,0,13,3.5,94.6,54.6,
2016-03-26 08:19:29,4.1,4.1,3,1,0,13,4.2,93.1,54,
2016-03-26 09:20:53,4.11,5.8,3,1,0,11,4.7,88,54,
2016-03-26 10:22:16,4.15,9,3,1,0,9,6.5,83,54,
2016-03-26 11:23:39,4.15,11.7,4,1,0,11,9.1,72.8,53.7,
2016-03-26 12:25:55,4.15,11.7,5,2,0,9,9.4,69.7,53.1,
2016-03-26 13:27:54,4.15,12.2,5,2,0,9,10.5,60.4,52.5,
2016-03-26 15:34:56,4.12,11.2,3,2,0,7,10.2,58.3,53.1,
2016-03-26 16:36:35,4.13,10.2,3,2,0,5,10,64.5,53.1,
2016-03-26 17:37:59,4.1,8,3,1,0,5,8,75.3,53.1,
2016-03-26 18:39:21,4.12,5.1,3,1,0,9,5.9,80.3,53.7,
2016-03-26 19:40:45,4.11,3.6,1,1,0,5,4.6,83.2,53.7,
2016-03-26 20:42:08,4.1,3.6,1,1,0,5,4.4,86.7,53.7,
2016-03-26 21:43:43,4.1,3.9,1,2,0,5,4.7,89.9,53.7,
2016-03-26 22:45:06,4.07,4.1,1,1,0,7,5,89.2,53.7,
2016-03-26 23:46:30,4.09,4.1,1,2,0,5,5,88.9,53.7,
2016-03-27 00:47:53,4.1,4.4,1,1,0,7,5.2,88.2,53.7,
2016-03-27 01:49:17,4.08,4.4,1,1,0,5,5.3,88.1,53.7,
2016-03-27 03:50:40,4.07,4.9,1,1,0,5,5.8,87.1,53.7,
2016-03-27 04:52:04,4.1,4.6,1,1,0,7,5.5,88.2,53.7,
2016-03-27 05:53:29,4.08,4.6,1,2,0,7,5.5,88.4,53.7,
2016-03-27 06:54:53,4.09,4.4,3,2,0,5,5.4,88.8,53.7,
2016-03-27 07:56:53,4.08,5.1,3,2,0,7,5.8,87.7,53.7,
2016-03-27 07:57:27,4.08,5.1,3,2,0,7,5.8,87.7,53.7,
2016-03-27 08:59:33,4.11,5.6,3,2,0,7,6.4,86,53.7,
2016-03-27 10:00:56,4.09,8.5,3,2,0,9,8.3,76.3,53.1,
2016-03-27 11:02:19,4.13,8.8,3,2,0,9,8.7,75.8,53.1,
2016-03-27 12:03:43,4.14,10.2,3,1,0,9,9.7,73.2,52.5,
2016-03-27 13:05:05,4.14,12.2,3,2,0,7,11.4,63.6,52.5,
2016-03-27 14:06:33,4.14,12.9,3,3,0,9,12.2,63.7,51.9,
2016-03-27 15:07:45,4.11,10,3,2,0,9,10.1,72,52.5,
2016-03-27 16:08:58,4.1,7.1,3,2,0.2,13,7.5,87.9,52.5,
2016-03-27 17:10:11,4.09,6.1,3,1,0.8,11,6.7,89.5,53.1,
2016-03-27 18:11:34,4.11,5.6,3,0,0.4,11,6.1,90.4,53.1,
2016-03-27 19:13:14,4.1,5.3,3,1,0,9,6.2,90.6,53.1,
2016-03-27 20:14:41,4.1,5.1,1,2,0,9,5.8,91,53.1,
2016-03-27 21:15:54,4.07,4.1,1,1,0,9,5.2,92,53.1,
2016-03-27 22:17:07,4.09,3.6,1,1,0,9,4.7,93,53.1,
2016-03-27 23:18:20,4.08,3.4,1,1,0,9,4.6,92.8,53.1,
2016-03-28 00:19:32,4.06,3.6,1,1,0,7,4.6,93.8,53.1,
2016-03-28 01:20:45,4.07,4.4,1,1,0,9,5.3,92.3,53.1,
2016-03-28 02:22:01,4.08,3.9,1,1,0,5,4.7,94,53.1,
2016-03-28 03:23:15,4.08,3.6,1,1,0,5,4.7,95,53.1,
2016-03-28 04:24:28,4.08,3.9,1,1,0,5,4.8,95.2,53.1,
2016-03-28 05:25:40,4.07,4.1,1,1,0,7,4.9,95.2,53.1,
2016-03-28 06:26:53,4.07,4.4,1,1,0,11,5,94.8,53.7,
2016-03-28 07:28:07,4.06,4.1,3,1,0,9,4.9,94.2,53.1,
2016-03-28 08:29:20,4.06,4.6,3,2,0,9,5.5,93.5,53.1,
2016-03-28 09:30:39,4.12,6.8,3,1,0,7,7.4,88,53.7,
2016-03-28 10:31:51,4.12,8.8,3,2,0,5,8.7,84.2,53.7,
2016-03-28 11:33:04,4.13,9.7,3,2,0,7,9.2,82.3,53.7,
2016-03-28 12:34:16,4.13,9.5,3,3,0,5,9.1,81.3,53.1,
2016-03-28 13:35:46,4.12,7.5,3,3,0,5,9.2,79.7,53.1,
2016-03-28 14:37:00,4.14,10.2,3,2,0,9,10.1,77.5,53.1,
2016-03-28 15:39:09,4.1,10,3,3,0,5,10,75.4,53.1,
2016-03-28 16:40:31,4.12,9,3,2,0,5,9.4,76.6,53.1,
2016-03-28 17:41:45,4.1,8,3,3,0,5,8.6,80.5,53.1,
2016-03-28 18:42:57,4.11,7.1,3,1,0.2,7,8,82.5,53.7,
2016-03-28 19:44:28,4.09,6.6,2,1,0.2,5,7.5,86.2,53.7,
2016-03-28 20:45:41,4.1,6.1,1,2,1.2,5,7.1,88.3,54,
2016-03-28 21:46:57,4.11,6.6,1,1,0,5,8,85.8,54.6,
2016-03-28 22:48:09,4.1,6.6,1,1,0.2,9,7.4,84.5,54.6,
2016-03-28 23:49:22,4.1,5.6,1,1,0.2,7,6.6,87.1,55.2,
2016-03-29 00:50:35,4.1,4.4,1,1,0,7,5.5,88.8,55.2,
2016-03-29 01:51:47,4.1,3.6,1,1,0,5,4.8,90,55.2,
2016-03-29 02:54:31,4.09,3.4,1,1,0,7,4.5,90.1,55.2,
2016-03-29 03:55:44,4.09,3.6,1,1,0,7,5,88.2,55.2,
2016-03-29 04:57:19,4.08,3.6,1,1,0,7,4.9,88.3,55.8,
2016-03-29 04:57:54,4.08,3.6,1,1,0,7,4.9,88.3,55.8,
2016-03-29 05:59:07,4.08,3.1,1,1,0,9,4.4,89.7,55.8,
2016-03-29 07:00:19,4.07,2.4,3,1,0,5,3.5,91.5,55.8,
2016-03-29 08:01:34,4.09,3.6,3,2,0,9,4.9,90.4,55.8,
2016-03-29 09:02:46,4.1,5.6,3,2,0,9,6.5,87.4,56.3,
2016-03-29 10:03:59,4.12,8.3,3,2,0,11,7.9,84.4,55.8,
2016-03-29 11:05:11,4.13,10.5,3,1,0,13,9.4,77.3,55.2,
2016-03-29 12:06:24,4.11,10,3,1,0,11,9.4,75.7,55.2,
2016-03-29 13:07:37,4.11,10,3,1,0,13,9.4,74.5,55.2,
2016-03-29 14:08:51,4.15,12.2,5,3,0,9,10.9,68.9,54.6,
2016-03-29 15:10:04,4.15,11.9,5,2,0,13,11.1,65.4,54.6,
2016-03-29 16:11:18,4.11,-1,3,2,0,9,9.5,65.1,54.6,
2016-03-29 17:12:33,4.11,9.7,3,2,0,9,9.6,68.7,54.6,
2016-03-29 18:13:49,4.12,10.2,3,1,0,11,10.2,65.6,54.6,
2016-03-29 19:15:02,4.12,8.8,3,1,0,11,8.8,69,54.6,
2016-03-29 20:16:15,4.07,5.6,1,1,0,9,6.5,76.5,54.6,
2016-03-29 21:17:29,4.08,4.9,1,1,0,9,6,79.7,54.6,
2016-03-29 22:18:41,4.1,4.1,1,1,0,9,5.4,84,55.2,
2016-03-29 23:19:56,4.1,-1.2,1,1,0,9,4.7,87,55.2,
2016-03-30 00:21:09,4.09,2.9,1,1,0,9,3.8,89.2,55.2,
2016-03-30 01:22:21,4.06,2.4,1,1,0,9,3.4,90,55.2,
2016-03-30 02:23:34,4.09,2.2,1,1,0,9,3.4,90.5,55.2,
2016-03-30 03:24:48,4.09,2.2,1,1,0,9,3.3,93.1,55.2,
2016-03-30 04:26:01,4.08,1.9,1,1,0,9,3,93.4,55.2,
2016-03-30 05:27:13,4.07,3.1,1,2,0,9,4.1,93.6,55.2,
2016-03-30 06:28:25,4.07,3.4,1,1,0,9,4.1,93,54.6,
2016-03-30 07:29:38,4.09,2.7,3,1,0,9,3.6,92.9,55.2,
2016-03-30 08:30:51,4.1,3.6,3,1,0,7,4.2,93.1,54.6,
2016-03-30 09:32:04,4.09,4.9,3,1,0,9,5.2,91.7,54.6,
2016-03-30 10:33:17,4.11,5.6,3,1,0,5,5.7,91.1,54.6,
2016-03-30 11:34:31,4.09,4.4,3,1,1.6,9,5,89.7,60.4,
2016-03-30 12:35:56,4.12,4.4,3,1,1.2,9,4.9,89.5,61.9,
2016-03-30 13:37:18,4.1,4.1,3,1,0.4,7,4.5,91.1,62.5,
2016-03-30 14:38:39,4.09,4.6,3,2,0,9,5.3,91.6,61.9,
2016-03-30 15:39:55,4.11,6.8,3,1,0,11,6.7,86.8,61.5,
2016-03-30 16:41:18,4.11,6.1,3,2,0,13,6.2,89,61.9,
2016-03-30 17:42:33,4.12,6.1,3,1,0,13,6.5,87.3,61.5,
2016-03-30 18:43:46,4.09,5.8,3,1,0,13,6.4,87.6,61.5,
2016-03-30 19:45:00,4.11,5.1,3,1,0,9,6.2,86.8,61.5,
2016-03-30 20:46:13,4.11,5.3,1,2,0,11,6,83.3,61,
2016-03-30 21:47:25,4.11,4.4,1,1,0,11,5.3,86.3,61,
2016-03-30 22:48:37,4.1,4.4,1,1,0,11,5.1,88.3,61,
2016-03-30 23:49:50,4.1,4.1,1,1,0,11,4.9,89.2,61,
2016-03-31 00:51:04,4.08,4.6,1,1,0,11,5.2,89.3,60.4,
2016-03-31 01:52:17,4.08,4.4,1,1,0,13,4.9,92.9,60.4,
2016-03-31 02:53:31,4.09,4.6,1,2,0,15,5.2,91.1,60.4,
2016-03-31 03:54:44,4.1,4.6,1,2,0,15,5.1,91.1,60.4,
2016-03-31 04:55:56,4.07,4.4,1,1,0,13,4.9,91.2,60.4,
2016-03-31 05:57:10,4.08,4.4,1,1,0,13,5.1,90.9,60.4,
2016-03-31 06:58:24,4.09,4.4,3,1,0,13,5.1,89.3,60.4,
2016-03-31 07:59:34,4.07,4.6,3,1,0,11,5.2,89.1,60.4,
2016-03-31 09:00:46,4.1,6.1,3,1,0,11,6,88.9,59.8,
2016-03-31 10:01:57,4.12,5.8,3,1,0,11,6,89,59.8,
2016-03-31 11:03:07,4.08,6.6,3,1,0,11,6.5,85,59.8,
2016-03-31 12:04:19,4.08,7.8,3,1,0,13,7.3,82.6,59.2,
2016-03-31 13:05:32,4.11,9.7,3,1,0.2,11,8.6,80.1,59.2,
2016-03-31 14:06:45,4.13,10.5,5,2,0,13,9.4,76.1,58.7,
2016-03-31 15:07:59,4.15,10,5,2,0,13,9.3,69.1,58.7,
2016-03-31 16:09:09,4.15,10.2,5,2,0,13,9.9,62.8,58.7,
2016-03-31 17:10:22,4.11,9.5,3,3,0,11,9.6,65.4,58.7,
2016-03-31 18:11:33,4.12,8.3,3,3,0,13,8.3,60.1,58.7,
2016-03-31 19:12:42,4.12,7.3,3,2,0,13,7,57.9,58.7,
2016-03-31 20:13:53,4.1,4.6,1,1,0,13,5.5,66.6,58.7,
2016-03-31 21:15:03,4.09,3.6,1,1,0,13,4.7,70.5,58.7,
2016-03-31 22:16:13,4.11,3.1,1,1,0,13,4.2,74.6,58.7,
2016-03-31 23:17:22,4.07,2.7,1,1,0,13,3.9,75.4,58.7,
2016-04-01 00:18:33,4.09,2.7,1,1,0,13,3.7,78.6,58.7,
2016-04-01 01:19:42,4.09,2.4,1,2,0,13,3.4,82.2,58.7,
2016-04-01 02:20:51,4.07,2.2,1,2,0,13,3.2,84.6,58.7,
2016-04-01 03:22:02,4.1,1.7,1,2,0,13,2.9,86.1,58.7,
2016-04-01 04:23:14,4.08,1.7,1,2,0,13,2.6,87.3,58.7,
2016-04-01 05:24:26,4.08,1.4,1,2,0,13,2.6,86.3,59.2,
2016-04-01 06:25:41,4.09,1.4,2,2,0,13,2.6,85.8,59.2,
2016-04-01 07:26:54,4.06,1.7,3,2,0,13,2.8,85.6,59.2,
2016-04-01 08:28:08,4.09,2.7,3,1,0,13,3.7,85.7,59.2,
2016-04-01 09:29:21,4.11,5.1,3,2,0,13,5.2,79,58.7,
2016-04-01 10:30:35,4.12,6.6,3,2,0,15,6,72.7,58.1,
2016-04-01 11:31:49,4.16,7.5,4,2,0,15,6.8,63,58.1,
2016-04-01 12:33:50,4.15,8.8,4,2,0,13,7.9,59.5,57.5,
2016-04-01 13:35:02,4.15,9.2,5,2,0,15,8.2,47.2,56.9,
2016-04-01 14:37:46,4.15,9.2,5,2,0,15,8.5,44.9,56.9,
2016-04-01 15:39:00,4.15,9.2,5,1,0,15,8.5,43.4,56.9,
2016-04-01 16:40:14,4.1,9,3,1,0,13,8.7,45.9,56.9,
2016-04-01 17:41:45,4.12,8.8,3,1,0,13,8.6,47,56.9,
2016-04-01 18:42:57,4.09,8.3,3,1,0,15,7.7,48.6,56.9,
2016-04-01 19:44:16,4.1,5.3,3,0,0,15,6.6,53.7,56.9,
2016-04-01 20:45:48,4.07,4.4,1,0,0,5,5.5,61.1,56.9,
2016-04-01 20:47:58,4.07,4.4,1,0,0,5,5.5,61.1,56.9,
2016-04-01 21:47:32,4.09,3.4,1,1,0,7,4.4,69,56.9,
2016-04-01 22:48:44,4.08,3.1,1,1,0,9,4.3,72.3,56.9,
2016-04-01 23:49:58,4.1,4.1,1,1,0,7,5,70.5,56.9,
2016-04-02 00:51:11,4.08,3.6,1,1,0,7,4.7,74.3,56.9,
2016-04-02 01:52:23,4.1,3.9,1,1,0,9,4.6,74.3,56.9,
2016-04-02 02:53:36,4.09,3.6,1,1,0,7,4.6,70,56.9,
2016-04-02 03:54:50,4.1,3.1,1,1,0,5,4,69.7,56.9,
2016-04-02 04:56:03,4.06,2.9,1,1,0,7,3.7,67.4,56.9,
2016-04-02 05:57:15,4.07,3.1,1,1,0,7,4.1,69.7,56.9,
2016-04-02 06:58:29,4.08,3.4,3,1,0,9,4.2,78.3,56.9,
2016-04-02 07:59:42,4.08,4.4,3,1,0,7,4.9,81.4,56.9,
2016-04-02 09:00:56,4.09,6.3,3,1,0,7,6.5,76,56.3,
2016-04-02 10:02:09,4.12,9.5,3,2,0,9,8.9,59.7,56.3,
2016-04-02 11:03:22,4.09,11,3,1,0,7,10.1,54.7,55.8,
2016-04-02 12:04:36,4.12,12.2,3,1,0,9,11.3,48.8,55.8,
2016-04-02 13:05:54,4.13,13.2,3,2,0,7,12,44.8,55.2,
2016-04-02 14:07:07,4.13,13.6,3,2,0,5,12.5,49.6,54.6,
2016-04-02 15:08:21,4.13,11.9,3,2,0,5,11.4,49.9,54.6,
2016-04-02 16:09:45,4.13,11,3,2,0,5,10.5,57.1,54,
2016-04-02 17:11:00,4.1,10.2,3,1,0,5,10.2,56.5,54.6,
2016-04-02 18:12:13,4.1,9.2,3,2,0,5,9.4,59.3,54.6,
2016-04-02 19:13:28,4.13,8.3,3,1,0,5,8.7,61.6,54,
2016-04-02 20:14:41,4.1,6.3,1,1,0,5,7,72.2,54.6,
2016-04-02 21:15:54,4.08,5.3,1,1,0,7,6.2,78.6,54.6,
2016-04-02 22:17:05,4.1,4.6,1,1,0,5,5.5,82.1,54.6,
2016-04-02 23:18:18,4.12,4.9,1,1,0,5,5.7,83.8,54.6,
2016-04-03 00:19:33,4.09,4.9,1,0,0,3,5.6,85.4,54.6,
2016-04-03 01:20:45,4.1,4.6,1,0,0,5,5.4,86.7,54.6,
2016-04-03 02:21:59,4.1,3.9,1,0,0,3,4.8,88.3,54.6,
2016-04-03 03:23:12,4.09,4.4,1,0,0,1,4.9,87.3,54.6,
2016-04-03 04:24:24,4.09,4.1,1,0,0,1,5,87.3,54.6,
2016-04-03 05:25:36,4.1,3.4,1,0,0,3,4.4,88.2,54.6,
2016-04-03 06:26:49,4.07,4.4,1,0,0,15,4.9,86.7,54.6,
2016-04-03 07:28:02,4.1,5.3,3,0,0,5,5.8,84.8,54,
2016-04-03 08:29:16,4.08,6.6,3,1,0,3,6.7,82.2,54,
2016-04-03 09:30:32,4.1,6.8,3,1,0,5,7.3,79.3,54,
2016-04-03 10:31:44,4.12,7.5,3,1,0,5,7.7,77.4,54,
2016-04-03 11:32:56,4.09,9,3,1,0,5,8.5,74.2,54,
2016-04-03 12:34:10,4.12,10.2,3,1,0,13,9.8,68.7,53.7,
2016-04-03 13:35:24,4.09,10.2,3,1,0,5,10,63.3,53.7,
2016-04-03 14:36:37,4.12,11.4,3,2,0,3,11.1,58.9,53.7,
2016-04-03 15:37:51,4.13,11.4,3,2,0,5,10.9,66.4,53.7,
2016-04-03 16:39:03,4.11,9.5,3,1,0,9,9.3,74.1,53.7,
2016-04-03 17:40:16,4.08,8.8,3,2,0,5,8.9,68.8,53.7,
2016-04-03 18:41:34,4.1,8.8,3,2,0,7,9.1,69.3,53.7,
2016-04-03 19:42:47,4.1,8.3,3,1,0,7,8.6,72,53.7,
2016-04-03 20:44:00,4.08,8,1,1,0,7,8.6,69.5,53.7,
2016-04-03 21:45:14,4.12,7.3,1,1,0,7,8.1,72,53.7,
2016-04-03 22:46:26,4.11,7.5,1,1,0,3,8.3,69.9,53.7,
2016-04-03 23:47:38,4.1,6.8,1,0,0,5,7.6,76.2,53.7,
2016-04-04 00:48:50,4.1,5.6,1,0,0,5,6.7,80,53.7,
2016-04-04 01:50:03,4.08,4.4,1,0,0,5,5.9,82.7,53.7,
2016-04-04 02:51:18,4.1,3.1,1,1,0,5,4.6,88.1,53.7,
2016-04-04 03:52:31,4.09,2.2,1,0,0,7,3.5,88.9,53.7,
2016-04-04 04:53:46,4.1,2.2,1,0,0,5,3.3,90.6,53.7,
2016-04-04 05:54:57,4.08,1.7,1,0,0,5,2.8,91.2,53.7,
2016-04-04 06:56:10,4.07,2.4,3,0,0,5,3.6,91.9,53.7,
2016-04-04 07:57:22,4.1,4.6,3,0,0,1,5.1,89,53.7,
2016-04-04 08:58:36,4.11,7.3,3,0,0,11,7.2,85.6,53.7,
2016-04-04 09:59:39,4.13,9.5,3,0,0,5,9.2,78.4,53.1,
2016-04-04 11:00:55,4.1,11,3,1,0,5,10.6,72.5,53.1,
2016-04-04 12:02:09,4.12,11.4,3,1,0,5,11,71.6,53.1,
2016-04-04 13:03:21,4.11,12.4,3,1,0,9,11.8,71.6,53.1,
2016-04-04 14:04:34,4.12,13.2,3,1,0,7,12.9,68.9,53.1,
2016-04-04 15:05:47,4.14,14.6,3,1,0,7,13.9,66.8,52.5,
2016-04-04 16:07:00,4.12,14.1,3,2,0,7,13.9,64.6,52.5,
2016-04-04 17:08:14,4.13,12.9,3,1,0,5,13.1,69.2,52.5,
2016-04-04 18:09:28,4.12,11.7,3,1,0,5,12.4,77.2,52.5,
2016-04-04 19:10:42,4.11,10.2,3,2,0,5,10.4,78,52.5,
2016-04-04 20:11:57,4.12,9.5,1,1,0,5,10,76.3,52.5,
2016-04-04 21:13:09,4.11,8.3,1,2,0,5,8.8,80.1,53.1,
2016-04-04 22:14:21,4.1,7.1,1,1,0,5,7.8,83.5,53.1,
2016-04-04 23:15:33,4.11,6.8,1,0,0,11,7.6,84.5,53.1,
2016-04-05 00:17:29,4.11,7.3,1,1,0,5,8,82,53.1,
2016-04-05 01:18:42,4.09,7.1,1,1,0,7,7.7,83.1,53.1,
2016-04-05 02:19:54,4.09,6.8,1,1,0,5,7.3,85.6,53.1,
2016-04-05 03:21:06,4.09,7.3,1,1,0,9,7.9,88.1,52.5,
2016-04-05 04:22:33,4.11,7.5,1,1,0,13,8.3,89.6,53.1,
2016-04-05 05:23:45,4.07,7.3,1,1,0,13,8.2,92.9,53.1,
2016-04-05 06:24:59,4.09,6.3,2,1,0,13,7.3,93.5,53.1,
2016-04-05 07:26:12,4.09,7.1,3,1,0,15,7.5,94.2,53.1,
2016-04-05 08:28:06,4.09,7.5,3,1,0,15,7.7,94.6,53.1,
2016-04-05 09:29:19,4.08,8.5,3,1,0,15,8.4,93.8,52.5,
2016-04-05 10:30:33,4.13,10.5,3,1,0,15,9.6,88.7,52.5,
2016-04-05 11:31:46,4.12,11,3,1,0,15,10.3,86.5,52.5,
2016-04-05 12:33:00,4.11,11.7,3,1,0,13,10.7,85.1,52.5,
2016-04-05 13:35:15,4.13,11.7,3,1,0,13,11.1,85.3,52.5,
2016-04-05 14:36:30,4.13,11.9,3,0,0,13,11.4,87.9,52.5,
2016-04-05 15:37:45,4.13,10.2,3,1,0.2,15,10.5,90.5,53.1,
2016-04-05 17:41:59,4.13,10,3,1,0,15,10.5,88.4,53.1,
2016-04-05 18:43:10,4.1,8.8,3,1,0.2,13,9.3,92.6,54,
2016-04-05 19:44:20,4.08,7.8,3,1,1.2,15,8.2,93.8,57.5,
2016-04-05 20:45:29,4.1,7.5,1,0,0.2,1,8.1,93.6,58.1,
2016-04-05 21:46:39,4.1,7.3,1,0,0.8,11,7.8,93.8,59.2,
2016-04-05 22:47:59,3.76,7.3,1,0,0.2,13,7.9,94.5,60.4,
2016-04-05 23:49:12,4.1,7.3,1,1,0.6,5,8,94.6,61,
2016-04-06 00:50:32,4.1,7.3,1,1,2.2,9,8,93.7,64.2,
2016-04-06 01:51:50,4.08,6.6,1,1,0.4,13,7.1,93.7,63.7,
2016-04-06 02:53:05,4.09,6.1,1,1,0,11,6.8,93.9,63.1,
2016-04-06 03:54:14,4.1,6.1,1,1,0,9,6.8,93.5,62.5,
2016-04-06 04:56:08,4.1,6.1,1,1,0.2,9,6.9,94.4,62.5,
2016-04-06 05:57:19,4.1,6.1,1,1,0,11,7,90.4,61.9,
2016-04-06 06:58:28,4.08,6.1,3,1,0,11,6.9,91.1,61.9,
2016-04-06 07:59:37,4.08,6.6,3,2,0,11,7.4,91.5,61.5,
2016-04-06 09:00:49,4.1,6.8,3,1,0,13,7.6,89.8,61.5,
2016-04-06 10:01:58,4.11,7.1,3,1,0,13,7.6,88.6,61.5,
2016-04-06 11:03:08,4.1,6.8,3,1,0,9,7.2,93,61.5,
2016-04-06 12:04:18,4.11,7.1,3,1,0,11,7.4,92.6,61,
2016-04-06 13:05:28,4.13,7.5,3,2,0,11,8.2,87.7,61,
2016-04-06 14:06:38,4.11,9.5,3,2,0,11,9.5,85.9,61,
2016-04-06 15:07:50,4.14,11.2,3,1,0,9,10.6,81,61,
2016-04-06 16:09:01,4.13,12.4,3,2,0,9,11.6,73.8,60.4,
2016-04-06 17:10:10,4.12,11.2,3,2,0,9,10.9,70.6,60.4,
2016-04-06 18:11:21,4.12,10,3,2,0,9,10.3,71.5,60.4,
2016-04-06 19:12:33,4.12,9.5,3,1,0,9,9.9,74.1,60.4,
2016-04-06 20:13:42,4.1,8.8,1,1,0,9,9.4,76,60.4,
2016-04-06 21:14:56,4.1,7.5,1,1,0.4,7,8.4,84.3,60.4,
2016-04-06 22:16:05,4.1,7.1,1,2,0.4,9,8.1,87.3,61,
2016-04-06 23:17:14,4.1,7.1,1,1,0.2,9,8,88.4,61.9,
2016-04-07 00:18:25,4.11,7.1,1,2,0.2,7,7.9,88.8,61.9,
2016-04-07 01:19:34,4.07,7.3,1,2,0,9,8.2,87.6,61.9,
2016-04-07 02:20:43,4.08,7.3,1,3,0,9,8,87.7,61.9,
2016-04-07 03:22:10,4.08,5.3,1,2,0,9,6.2,87.1,61.9,
2016-04-07 04:23:21,4.08,5.6,1,1,0.4,11,6.2,90.7,63.1,
2016-04-07 05:24:41,4.09,4.1,1,1,0.2,11,5.1,87.8,63.1,
2016-04-07 06:25:53,4.07,4.4,3,2,0,9,5.2,88.3,63.1,
2016-04-07 07:27:01,4.09,4.6,3,3,0,9,5.6,87.5,62.5,
2016-04-07 08:28:24,4.1,5.8,3,2,0,7,6.5,85.9,62.5,
2016-04-07 09:29:34,4.11,7.5,3,3,0,9,7.6,81.6,62.5,
2016-04-07 10:30:44,4.11,7.3,3,2,0,11,7.5,81.3,62.5,
2016-04-07 11:31:53,4.15,8.5,5,3,0,9,8.6,79.2,61.9,
2016-04-07 12:33:05,4.15,8.3,5,3,0,9,8.2,86.9,61,
2016-04-07 13:34:16,4.14,8.5,5,3,0,9,8.2,83.6,61,
2016-04-07 14:35:25,4.1,9.7,3,3,0,9,9,74.1,61.5,
2016-04-07 15:36:41,4.15,8,5,3,0.2,9,7.9,88.6,61.5,
2016-04-07 16:37:52,4.1,8.8,3,3,0,9,9,73.7,61.9,
2016-04-07 17:39:06,4.09,7.8,3,3,0,9,7.9,84.1,61,
2016-04-07 18:40:16,4.11,7.3,3,3,0.2,9,7.8,80.3,61.9,
2016-04-07 19:41:25,4.1,6.8,3,2,0,9,7,82.9,61.9,
2016-04-07 20:42:38,4.11,5.3,1,3,0,9,6.3,82.4,61.9,
2016-04-07 21:43:48,4.09,4.9,1,2,0,9,5.8,84.9,61.9,
2016-04-07 22:44:58,4.1,5.1,1,3,0,9,5.9,85.3,61.9,
2016-04-07 23:46:09,4.1,5.1,1,3,0,9,5.8,87.4,61.9,
2016-04-08 00:47:18,4.07,5.6,1,2,0,9,6.2,87,61.9,
2016-04-08 01:48:28,4.08,5.8,1,3,0,9,6.4,86.8,61.9,
2016-04-08 02:49:37,4.07,5.8,1,2,0,9,6.4,87.6,61.5,
2016-04-08 03:50:46,4.09,5.6,1,2,0,9,6.2,88.4,61.5,
2016-04-08 04:51:57,4.08,5.6,1,2,0,9,6.2,89,61.5,
2016-04-08 05:53:06,4.07,5.3,1,2,0,9,6.1,89.9,61,
2016-04-08 06:54:16,4.07,4.9,3,1,0.2,9,5.6,89,61,
2016-04-08 07:55:25,4.08,5.1,3,1,0,9,6.2,88.5,61,
2016-04-08 08:57:15,4.09,7.1,3,1,0,9,7.3,85.8,61,
2016-04-08 09:58:24,4.11,7.5,3,2,0,9,7.6,86.3,61.5,
2016-04-08 10:59:36,4.12,-0.8,3,1,0,11,8,85.5,61.5,
2016-04-08 12:00:45,4.11,9.2,3,1,0,11,8.4,79.5,61.5,
2016-04-08 13:01:54,4.13,10,3,1,0,11,8.9,76.7,61,
2016-04-08 14:03:04,4.12,10.7,3,1,0,9,9.6,71.6,61,
2016-04-08 15:04:13,4.15,10.5,3,2,0,13,9.9,72.5,60.4,
2016-04-08 16:05:23,4.15,11.7,5,1,0,11,10.7,67.8,60.4,
2016-04-08 17:06:32,4.13,10,3,1,0,9,9.7,71.1,60.4,
2016-04-08 18:07:41,4.1,9.7,3,1,0,9,9.3,67.2,60.4,
2016-04-08 19:08:50,4.11,8.3,3,1,0,11,8.6,65.3,60.4,
2016-04-08 20:10:01,4.12,6.6,3,0,0,11,7.4,73.9,60.4,
2016-04-08 21:11:10,4.11,5.1,1,1,0,9,5.9,81.1,60.4,
2016-04-08 22:12:21,4.1,3.1,1,1,0,9,4.2,85.4,60.4,
2016-04-08 23:13:32,4.07,2.7,1,1,0,9,3.8,86.3,60.4,
2016-04-09 00:14:41,4.11,2.2,1,1,0,9,3.4,87.6,61,
2016-04-09 01:15:51,4.09,1.4,1,1,0,9,2.7,89,60.4,
2016-04-09 02:17:00,4.07,1.2,1,1,0,9,2.7,90.1,60.4,
2016-04-09 03:18:10,4.1,1.4,1,0,0,9,3,90.1,60.4,
2016-04-09 04:19:20,4.07,1,1,1,0,9,2.2,91.7,60.4,
2016-04-09 05:20:30,4.09,1.4,1,1,0,9,2.7,92.9,60.4,
2016-04-09 06:21:39,4.08,1,3,1,0,9,2.2,93.9,60.4,
2016-04-09 07:22:48,4.09,2.4,3,1,0,9,3.7,93.6,60.4,
2016-04-09 08:24:00,4.09,3.6,3,1,0,9,5,92.1,60.4,
2016-04-09 09:25:12,4.13,6.6,3,1,0,11,7.1,83.6,60.4,
2016-04-09 10:26:21,4.14,10,3,1,0,13,8.3,74.6,59.8,
2016-04-09 11:27:31,4.16,11.2,3,1,0,15,9.1,66.9,59.8,
2016-04-09 12:28:40,4.1,13.2,3,1,0,13,10,63.6,59.2,
2016-04-09 13:29:56,4.1,12.7,3,1,0,15,10.1,60.7,58.7,
2016-04-09 14:31:05,4.15,12.2,5,1,0,5,10.2,65.5,59.2,
2016-04-09 15:32:15,4.12,10.5,3,0,0,5,9.9,63.2,59.2,
2016-04-09 16:33:24,4.11,12.4,3,1,0,5,11.6,59.4,59.2,
2016-04-09 17:34:36,4.13,11.9,3,1,0,5,11.1,63.2,59.2,
2016-04-09 18:35:46,4.11,12.7,3,1,0,7,10.9,66.3,58.7,
2016-04-09 19:36:57,3.66,10.5,3,1,0,15,9.7,69,58.7,
2016-04-09 20:38:08,4.09,6.3,1,0,0,1,7.3,77.7,58.7,
2016-04-09 21:39:17,4.1,4.9,1,0,0,1,6.1,81.2,59.2,
2016-04-09 22:40:29,4.09,3.4,1,0,0,5,5.2,82.2,59.2,
2016-04-09 23:41:38,4.08,2.9,1,0,0,5,4.6,85.1,59.2,
2016-04-10 00:42:48,4.1,1.4,1,0,0,5,3.3,86.9,59.2,
2016-04-10 01:43:57,4.08,0.7,1,0,0,5,2.2,89.1,59.2,
2016-04-10 02:45:06,4.09,-0.3,1,0,0,5,1.4,89.9,59.2,
2016-04-10 03:46:16,4.08,-1,1,0,0,5,0.7,91,60.4,
2016-04-10 04:47:25,4.07,-0.8,1,0,0,5,0.8,92.4,59.2,
2016-04-10 05:48:34,4.08,-1,1,0,0,5,0.3,92.3,59.2,
2016-04-10 06:49:45,4.08,0,3,0,0,5,1.1,92.5,59.2,
2016-04-10 07:50:53,4.09,1.7,3,0,0,5,2.3,91.7,58.7,
2016-04-10 08:52:02,4.1,3.6,3,0,0,7,4,89.6,58.7,
2016-04-10 09:53:11,4.1,6.8,3,1,0,1,6.4,83.3,58.7,
2016-04-10 10:54:22,4.11,8.5,3,1,0,3,7.9,73.2,58.1,
2016-04-10 11:55:42,4.09,9.7,3,1,0,9,9.1,69.2,58.1,
2016-04-10 12:56:53,4.13,10.2,3,1,0,5,9.4,65.4,58.1,
2016-04-10 13:58:02,4.13,11,3,1,0,9,10.1,61.5,58.1,
2016-04-10 14:59:11,4.14,11.7,3,1,0,5,10.3,61.1,57.5,
2016-04-10 16:00:22,4.15,12.2,4,1,0,5,11,55.4,57.5,
2016-04-10 17:01:31,4.11,10.5,3,2,0,9,10.3,56,57.5,
2016-04-10 18:02:41,4.12,10.7,3,1,0,5,9.9,54.6,57.5,
2016-04-10 19:03:50,4.11,9.5,3,1,0,7,9.1,58.3,57.5,
2016-04-10 20:05:00,4.09,6.6,3,1,0,5,7.1,68.3,57.5,
2016-04-10 21:06:11,4.11,4.4,1,0,0,5,5.9,74.4,57.5,
2016-04-10 22:07:20,4.09,1.9,1,0,0,5,3.7,82.9,57.5,
2016-04-10 23:08:30,4.1,0.7,1,0,0,5,2.6,86.3,57.5,
2016-04-11 00:09:39,4.06,0.2,1,0,0,5,1.9,87.7,57.5,
2016-04-11 01:10:49,4.09,0.2,1,0,0,5,1.8,86.6,57.5,
2016-04-11 02:11:59,4.08,0.2,1,0,0,5,1.9,85.4,57.5,
2016-04-11 03:13:08,4.07,-0.3,1,0,0,5,1.3,87.1,57.5,
2016-04-11 04:14:18,4.05,-0.8,1,0,0,5,1,88.4,57.5,
2016-04-11 05:15:44,4.09,-0.5,1,0,0,5,1.2,88.7,57.5,
2016-04-11 06:16:55,4.09,-0.3,3,0,0,5,1.3,89.2,57.5,
2016-04-11 07:18:05,4.07,0.2,3,0,0,5,1.7,90,57.5,
2016-04-11 08:19:15,4.08,2.9,3,0,0,1,4.2,88.1,57.5,
2016-04-11 09:20:24,4.11,6.6,3,1,0,9,7.5,71.5,56.9,
2016-04-11 10:21:35,4.14,11.2,3,1,0,13,9.8,63,56.9,
2016-04-11 11:22:48,4.04,13.4,3,1,0,11,11.6,53.4,56.3,
2016-04-11 12:24:07,4.15,14.1,5,1,0,13,12.4,49.3,56.3,
2016-04-11 13:25:18,4.15,14.9,5,1,0,9,13.3,43.5,55.2,
2016-04-11 14:26:29,4.15,15.3,5,1,0,5,14,40.1,55.2,
2016-04-11 15:27:40,4.15,15.6,5,1,0,11,14.4,36.4,55.2,
2016-04-11 16:28:51,4.11,14.6,3,1,0,11,14.6,33,55.2,
2016-04-11 17:30:06,4.11,13.6,3,1,0,11,13.7,30.8,54.6,
2016-04-11 18:31:16,4.08,13.6,3,1,0,7,12.4,43.7,54.6,
2016-04-11 19:32:25,4.11,12.2,3,1,0,9,10.3,58.1,54.6,
2016-04-11 20:33:35,4.11,7.3,1,0,0,7,8.2,67.2,55.2,
2016-04-11 21:34:44,4.09,5.1,1,0,0,7,6.5,74.1,55.2,
2016-04-11 22:35:55,4.1,3.4,1,0,0,3,4.8,78.5,55.2,
2016-04-11 23:37:04,4.08,2.9,1,0,0,1,4.2,73,55.2,
2016-04-12 00:38:13,4.08,1.9,1,0,0,3,3.5,77.8,55.2,
2016-04-12 01:39:40,4.09,1.2,1,0,0,3,2.7,80.2,55.8,
2016-04-12 02:40:51,4.08,1,1,0,0,1,2.5,78.9,55.2,
2016-04-12 03:42:00,4.07,-0.5,1,0,0,1,1.1,83.9,55.2,
2016-04-12 04:43:23,4.08,-0.5,1,0,0,3,1,86.2,55.2,
2016-04-12 05:44:32,4.07,-0.8,1,0,0,5,0.9,86.1,55.2,
2016-04-12 06:45:42,4.07,0.2,3,0,0,3,1.3,87.3,55.2,
2016-04-12 07:46:52,4.08,2.2,3,1,0,15,3.4,81.3,55.8,
2016-04-12 08:48:02,4.11,5.6,3,1,0,15,6.2,69.2,55.2,
2016-04-12 09:49:11,4.12,7.5,3,1,0,5,7.3,66.7,55.2,
2016-04-12 10:50:20,4.15,10.2,4,1,0,11,9.5,61.1,54.6,
2016-04-12 11:51:32,4.13,11.7,3,0,0,5,10.7,57.4,54,
2016-04-12 12:52:42,4.14,13.9,5,1,0,11,12.3,57.7,53.7,
2016-04-12 13:53:51,4.1,13.9,3,1,0,5,13,54.1,53.7,
2016-04-12 14:55:00,4.1,14.1,3,2,0,5,13,48.9,53.7,
2016-04-12 15:56:16,4.13,13.4,3,2,0,1,12.9,47.4,53.1,
2016-04-12 16:58:10,4.11,12.2,3,1,0,7,12.1,49.3,53.1,
2016-04-12 17:59:19,4.11,13.4,3,1,0,13,12.9,47.5,53.1,
2016-04-12 19:00:29,4.11,11.4,3,1,0,3,11.7,50.1,53.1,
2016-04-12 20:01:38,4.1,10.5,3,1,0,5,11,47.8,53.7,
2016-04-12 21:02:49,4.12,9.5,1,0,0,1,10.2,52.6,53.1,
2016-04-12 22:04:05,4.11,8.5,1,0,0,3,9.2,60.4,53.1,
2016-04-12 23:05:14,4.07,8.3,1,0,0,3,8.9,61.4,53.1,
2016-04-13 00:06:23,4.07,7.8,1,1,0,1,8.4,64.5,53.7,
2016-04-13 01:07:34,4.11,7.3,1,0,0,5,8,63.3,54,
2016-04-13 02:08:44,4.07,7.1,1,0,0,15,7.7,64.6,53.1,
2016-04-13 03:09:53,4.11,6.3,1,0,0,5,7.2,69.5,53.1,
2016-04-13 04:11:19,4.08,6.3,1,0,0,15,6.9,70.1,53.1,
2016-04-13 05:12:28,4.1,6.3,1,1,0,11,7.1,67.6,53.7,
2016-04-13 06:13:38,4.08,6.3,3,1,0,15,7.2,66.1,53.1,
2016-04-13 07:15:01,4.09,6.8,3,0,0,7,7.4,65.6,53.1,
2016-04-13 08:16:13,4.11,7.3,3,1,0,5,7.8,63.9,53.1,
2016-04-13 09:17:22,4.11,10.2,3,0,0,5,9.6,59.9,53.1,
2016-04-13 10:18:32,4.12,11.2,3,1,0,15,10.7,53.4,53.1,
2016-04-13 11:19:42,4.15,15.1,4,1,0,15,13,47.1,52.5,
2016-04-13 12:20:53,4.14,14.6,3,1,0,15,13.2,46.9,51.9,
2016-04-13 13:22:02,4.14,16.3,5,1,0,9,14.2,46.2,51.9,
2016-04-13 14:23:13,4.11,15.3,3,1,0,1,13.8,50.5,51.3,
2016-04-13 15:24:23,4.08,13.2,3,1,0,3,12.5,55.1,51.9,
2016-04-13 16:25:49,4.13,11.9,3,1,0,15,11.8,57.8,51.3,
2016-04-13 17:26:59,4.09,11,3,0,0,13,11.1,65.8,51.3,
2016-04-13 18:27:58,4.13,9,3,1,0,15,9.7,77.9,51.9,
2016-04-13 19:29:07,4.13,8,3,1,0.4,3,8.7,85.7,53.1,
2016-04-13 20:30:18,3.76,6.8,1,1,0,13,7.4,85.1,53.1,
2016-04-13 21:31:30,4.12,5.8,1,1,0,11,6.6,87.4,53.1,
2016-04-13 22:32:41,4.07,5.3,1,0,0,1,6.1,89.7,53.1,
2016-04-13 23:33:50,4.11,5.3,1,0,0,15,6,90.5,53.1,
2016-04-14 00:34:59,4.1,5.3,1,1,0,1,6,90.4,53.1,
2016-04-14 01:36:11,4.12,5.3,1,1,0,1,5.8,89.7,53.1,
2016-04-14 02:37:22,4.11,5.1,1,0,0,15,5.6,89.5,53.1,
2016-04-14 03:38:31,4.1,4.9,1,1,0,15,5.5,89,53.1,
2016-04-14 04:39:40,4.09,4.6,1,1,0,1,5.4,89,53.1,
2016-04-14 05:40:52,4.11,4.6,1,1,0,15,5.2,90.8,53.1,
2016-04-14 06:42:02,4.07,4.6,3,0,0.2,1,5.2,88.9,53.1,
2016-04-14 07:43:11,4.08,5.1,3,1,0,1,5.7,87.2,53.1,
2016-04-14 08:44:20,4.06,6.1,3,0,0,13,6.4,84.2,53.1,
2016-04-14 09:45:31,4.12,7.1,3,1,0,15,7.3,76.3,52.5,
2016-04-14 10:46:40,4.09,10,3,0,0,1,9.2,63.9,52.5,
2016-04-14 11:47:49,4.12,10,3,0,0,15,9.3,59.2,52.5,
2016-04-14 12:48:59,4.12,11,3,1,0,1,10.1,54.1,52.5,
2016-04-14 13:50:24,4.13,11.7,3,0,0,7,10.2,56.7,52.5,
2016-04-14 14:51:37,4.11,11.7,3,1,0,7,9.9,56,51.9,
2016-04-14 15:52:46,4.13,10,3,1,0,7,9.5,53.2,51.9,
2016-04-14 16:53:57,4.13,9.2,3,1,0,7,9.3,57.3,51.9,
2016-04-14 17:55:07,4.11,8.5,3,1,0,5,8.8,61.3,51.9,
2016-04-14 19:58:20,4.12,6.6,3,1,0,5,7,67.4,51.9,
2016-04-14 20:59:30,4.09,4.4,1,1,0,5,5.5,72.8,51.9,
2016-04-14 22:00:41,4.11,3.4,1,1,0,5,4.6,76.3,51.9,
2016-04-14 23:01:50,4.09,3.1,1,1,0,5,4.2,80.9,52.5,
2016-04-15 00:03:16,4.11,4.1,1,1,0,7,5,84.8,51.9,
2016-04-15 01:04:27,4.11,4.6,1,1,0,9,5.2,85.7,52.5,
2016-04-15 02:05:36,4.09,4.4,1,1,0,9,5.1,86.9,52.5,
2016-04-15 03:06:48,4.1,3.6,1,1,0,7,4.5,89.2,52.5,
2016-04-15 04:08:22,4.09,4.1,1,1,0,7,4.9,90.2,52.5,
2016-04-15 05:09:32,4.07,4.4,1,1,0,7,5.1,88.8,52.5,
2016-04-15 06:10:44,4.1,4.9,2,1,0,7,5.5,89.1,52.5,
2016-04-15 07:11:57,4.1,4.6,3,1,0.2,7,5.6,89.8,52.5,
2016-04-15 08:13:07,4.1,5.6,3,2,0,9,6.4,87.7,52.5,
2016-04-15 09:14:16,4.12,7.3,3,2,0,5,7.7,85.5,52.5,
2016-04-15 10:15:26,4.11,9.7,3,1,0,7,9.2,82.3,51.9,
2016-04-15 11:16:35,4.13,9.7,3,2,0,5,9.2,80.6,51.9,
2016-04-15 12:17:44,4.12,10,3,2,0,7,9.6,80.1,51.3,
2016-04-15 13:18:56,4.12,10.2,3,1,0,5,10,81,51.3,
2016-04-15 14:20:08,4.1,11,3,1,0.2,7,10.5,78.3,51.3,
2016-04-15 15:21:17,4.1,10.7,3,2,0,5,10.3,80.7,51.3,
2016-04-15 16:22:28,4.09,8.5,3,2,0.2,9,8.7,88.2,51.3,
2016-04-15 17:23:37,4.1,7.1,3,2,0.6,5,7.6,91.3,51.9,
2016-04-15 18:24:46,4.12,7.1,3,1,0.8,5,7.7,90.7,53.1,
2016-04-15 19:25:56,4.11,6.8,3,1,0.4,7,7.5,91.6,55.8,
2016-04-15 20:27:06,4.12,6.3,1,1,0,7,7.2,91.6,55.8,
2016-04-15 21:28:17,4.1,6.3,1,0,0,15,7,91.1,55.8,
2016-04-15 22:29:26,4.09,6.3,1,0,0,7,7,91.7,55.8,
2016-04-15 23:30:37,4.1,6.3,1,0,0,3,7,92.3,55.8,
2016-04-16 00:31:46,4.08,6.1,1,1,0,9,6.7,93.2,55.2,
2016-04-16 01:32:57,4.11,5.8,1,1,0,9,6.4,94.5,55.2,
2016-04-16 02:34:07,4.1,5.8,1,0,0,9,6.4,95.2,54.6,
2016-04-16 03:35:18,4.08,6.1,1,0,0,9,6.5,95.4,54.6,
2016-04-16 04:36:27,4.07,6.1,1,0,0,5,6.5,95.6,54.6,
2016-04-16 05:37:37,4.1,6.3,1,1,0,7,6.7,95.7,54.6,
2016-04-16 06:38:46,4.1,6.3,3,1,0,7,6.8,95.9,54.6,
2016-04-16 07:39:56,4.09,7.1,3,1,0,7,7.5,96,54,
2016-04-16 08:41:06,4.11,8.5,3,1,0,7,8.8,92.1,54,
2016-04-16 09:42:16,4.08,9,3,1,0,5,9.3,91.1,54,
2016-04-16 10:43:26,4.12,10.7,3,1,0,5,10.4,88,54,
2016-04-16 11:44:35,4.12,11.9,3,1,0,5,11,85.6,54,
2016-04-16 12:45:44,4.13,12.7,3,1,0,7,11.7,83.8,53.7,
2016-04-16 13:46:55,4.12,11.2,3,2,0.2,5,10.6,84.2,53.7,
2016-04-16 14:48:04,4.1,12.7,3,2,0,7,12.1,82.9,53.1,
2016-04-16 15:49:14,4.12,11,3,2,0,9,11,85.8,53.1,
2016-04-16 16:50:38,4.12,11,3,2,0.2,9,11.4,82.3,53.1,
2016-04-16 17:51:48,4.11,12.9,3,3,0,9,12.4,68.5,54,
2016-04-16 18:52:57,4.12,12.9,3,3,0,9,12.3,65.4,54,
2016-04-16 19:54:08,4.1,11,3,2,0,9,11.1,68.8,54,
2016-04-16 20:56:00,3.61,9.2,1,2,0,9,9.8,72.5,54,
2016-04-16 21:57:10,4.1,7.8,1,2,0,9,8.3,76,54,
2016-04-16 22:58:20,4.1,5.3,1,2,0,9,6.1,80.9,53.7,
2016-04-16 23:59:29,4.1,4.9,1,3,0,9,5.7,79.8,53.7,
2016-04-17 01:00:40,4.1,4.4,1,2,0,9,5.3,82.5,54,
2016-04-17 02:01:48,4.07,5.1,1,3,0,9,5.7,77.1,53.7,
2016-04-17 03:02:58,4.07,5.1,1,3,0,9,5.7,78.4,54,
2016-04-17 04:04:08,4.1,5.1,1,2,0,9,5.6,80.9,53.7,
2016-04-17 05:05:18,4.09,4.1,1,2,0,9,4.9,83.4,54,
2016-04-17 06:06:29,4.09,3.9,3,3,0,9,4.8,83.7,53.7,
2016-04-17 07:07:38,4.08,4.6,3,2,0,9,5.5,81.2,53.7,
2016-04-17 08:08:49,4.09,5.6,3,2,0,11,6.5,78.5,53.7,
2016-04-17 09:09:58,4.1,6.8,3,2,0,11,7.7,70,53.7,
2016-04-17 10:11:07,4.1,9.2,3,2,0,13,8.3,67,53.1,
2016-04-17 11:12:18,4.12,9,3,2,0,11,8.6,67,53.1,
2016-04-17 12:13:27,4.11,8.8,3,2,0,13,8.6,66,53.1,
2016-04-17 13:14:36,4.1,8.5,3,2,0,11,8.5,65.3,52.5,
2016-04-17 14:15:45,4.13,8.5,3,2,0,13,8.6,65.1,52.5,
2016-04-17 15:16:55,4.11,9,3,3,0,11,8.9,63,52.5,
2016-04-17 16:18:04,4.13,8.5,3,2,0,13,8.8,64.8,52.5,
2016-04-17 17:19:15,4.1,8.5,3,2,0,13,8.8,64.7,52.5,
2016-04-17 18:20:25,4.1,8.3,3,2,0,13,8.6,65.9,52.5,
2016-04-17 19:21:35,4.1,7.8,3,2,0,13,8.2,69.6,51.9,
2016-04-17 20:22:58,4.12,7.3,3,2,0,13,7.8,70.3,51.9,
2016-04-17 21:24:08,4.1,6.1,1,2,0,13,6.8,73.3,51.9,
2016-04-17 22:25:18,4.11,5.6,1,2,0,13,6.4,75.7,51.9,
2016-04-17 23:26:27,4.09,5.6,1,3,0,15,6.3,71,51.9,
2016-04-18 00:27:37,4.09,5.6,1,1,0,11,6.2,75.9,51.9,
2016-04-18 01:28:47,4.11,4.4,1,1,0,13,5.2,79.8,51.9,
2016-04-18 02:29:56,4.08,3.1,1,1,0,11,4.3,84,53.1,
2016-04-18 03:31:05,4.08,2.4,1,1,0,9,3.6,86.6,53.1,
2016-04-18 04:32:15,4.08,2.4,1,1,0,11,3.7,86.7,52.5,
2016-04-18 05:33:25,4.08,2.7,1,1,0,9,3.7,86.4,52.5,
2016-04-18 06:34:36,4.08,2.4,3,1,0,9,3.5,87.2,52.5,
2016-04-18 07:35:45,4.08,3.6,3,1,0,9,4.9,84.1,52.5,
2016-04-18 08:36:55,3.68,5.6,3,1,0,9,6.6,78.6,52.5,
2016-04-18 09:38:05,4.11,7.5,3,2,0,11,7.4,79.2,52.5,
2016-04-18 10:39:15,4.11,8,3,1,0,11,7.7,78.1,52.5,
2016-04-18 11:40:24,4.09,8.3,3,3,0,9,8.4,77.7,52.5,
2016-04-18 12:41:47,4.12,9.7,3,2,0,9,9.3,71.4,51.9,
2016-04-18 13:42:56,4.12,10.5,3,2,0,9,9.9,68.1,51.9,
2016-04-18 14:44:05,4.11,9.7,3,2,0,9,9.7,74.8,51.3,
2016-04-18 15:45:16,4.12,10.2,3,3,0,9,10.2,64.7,51.3,
2016-04-18 16:46:39,4.12,10.2,3,1,0,13,10.1,66.4,51.3,
2016-04-18 17:47:48,4.12,9.2,3,2,0,9,9.4,71.8,51.3,
2016-04-18 18:48:58,4.11,8,3,1,0,9,8.6,77.9,51.3,
2016-04-18 19:50:08,4.12,8,3,2,0,9,8.6,75.9,51.3,
2016-04-18 20:51:17,4.1,7.8,1,2,0,11,8.2,80.3,51.3,
2016-04-18 21:52:30,4.12,7.1,1,1,0,9,7.7,84,51.3,
2016-04-18 22:53:41,4.11,-3,1,1,0,13,6.7,85,51.3,
2016-04-18 23:54:53,4.11,1.2,1,1,0,11,6.1,86.4,51.9,
2016-04-19 00:56:15,4.11,4.4,1,1,0,9,5.7,86.6,51.3,
2016-04-19 01:57:24,4.1,5.6,1,1,0,11,6.4,85,51.3,
2016-04-19 02:58:34,4.08,5.8,1,1,0,9,6.5,83.3,51.3,
2016-04-19 03:59:44,4.08,6.3,1,1,0,13,6.9,83.8,51.3,
2016-04-19 05:00:55,4.1,5.8,1,1,0,9,6.6,81.9,51.3,
2016-04-19 06:02:04,4.09,5.8,3,1,0,11,6.6,82.6,51.3,
2016-04-19 07:03:16,4.1,5.8,3,2,0,7,6.6,82.9,51.3,
2016-04-19 08:04:24,4.11,6.3,3,1,0,13,6.8,81.1,51.3,
2016-04-19 09:05:34,4.11,7.1,3,2,0,11,7.4,75,51.3,
2016-04-19 10:06:45,4.15,8.5,3,2,0,15,8.1,72.3,50.8,
2016-04-19 11:07:54,4.13,9.2,3,3,0,13,8.7,70.5,50.8,
2016-04-19 12:09:03,4.09,10.5,3,3,0,13,9.8,63.3,50.2,
2016-04-19 13:10:14,4.11,10.2,3,3,0,11,9.8,62.1,50.2,
2016-04-19 14:11:27,4.15,11.4,5,4,0,13,10.6,56.3,49.6,
2016-04-19 15:12:40,4.15,11.2,5,3,0,13,10.9,59.8,49,
2016-04-19 16:13:48,4.12,10.2,3,2,0,15,10.2,60.5,49,
2016-04-19 17:14:58,4.12,11,3,3,0,13,10.7,61.2,49,
2016-04-19 18:16:09,4.12,10.7,3,3,0,13,10.2,64.4,50.2,
2016-04-19 19:17:18,4.1,10.2,3,3,0,13,9.5,70.1,48.5,
2016-04-19 20:18:27,4.11,7.8,3,3,0,13,8.3,76.7,48.5,
2016-04-19 21:19:38,4.1,7.1,1,2,0,11,7.8,80.7,48.5,
2016-04-19 22:20:46,4.08,6.6,1,2,0,11,7.4,82.9,48.5,
2016-04-19 23:21:59,4.11,6.3,1,2,0,11,7,84.8,48.5,
2016-04-20 00:23:08,4.1,5.6,1,2,0,13,6.6,86.1,48.5,
2016-04-20 01:24:20,4.1,5.3,1,2,0,13,6.3,86.4,48.5,
2016-04-20 02:25:28,4.08,5.1,1,2,0,13,6.1,87.1,48.5,
2016-04-20 03:26:38,4.08,4.6,1,1,0,13,5.7,88.2,48.5,
2016-04-20 04:27:50,3.64,4.6,1,1,0,13,5.7,88,48.5,
2016-04-20 05:29:01,4.09,4.4,1,2,0,13,5.5,88.2,48.5,
2016-04-20 06:30:11,4.07,4.4,3,2,0,13,5.4,88,48.5,
2016-04-20 07:31:21,4.09,5.1,3,2,0,13,6.1,86.4,48.5,
2016-04-20 08:32:33,4.08,6.3,3,2,0,13,7.2,81.6,47.9,
2016-04-20 09:33:42,4.1,8.5,3,2,0,13,8.4,75.5,47.9,
2016-04-20 10:34:52,4.14,10,3,2,0,15,9.3,72.3,47.3,
2016-04-20 11:36:01,4.14,11.2,4,2,0,13,10.1,68.5,47.3,
2016-04-20 12:37:13,4.15,11.9,5,2,0,13,10.7,65.1,47.9,
2016-04-20 13:38:24,4.15,12.7,4,3,0,15,11.3,59.4,46.7,
2016-04-20 14:39:50,4.15,12.4,5,2,0,15,11.7,62.2,46.2,
2016-04-20 15:40:59,4.15,13.2,5,2,0,13,12.1,60,46.2,
2016-04-20 16:42:12,4.11,12.7,3,2,0,15,12.5,57.6,46.2,
2016-04-20 17:43:22,4.14,12.9,3,2,0,13,12,58.4,45.8,
2016-04-20 18:44:31,4.11,12.7,3,1,0,15,11.5,57.5,45.8,
2016-04-20 20:47:52,4.12,8.5,2,1,0,13,9.2,69,45.8,
2016-04-20 21:49:01,4.11,7.1,1,2,0,13,8,75,45.8,
2016-04-20 22:50:13,4.09,6.3,1,2,0,11,7.2,80.1,45.8,
2016-04-20 23:51:22,4.09,5.6,1,1,0,13,6.5,82.5,45.8,
2016-04-21 00:52:32,4.09,4.9,1,1,0,13,5.7,85.1,45.8,
2016-04-21 01:53:41,4.09,4.1,1,1,0,11,5.2,86,45.8,
2016-04-21 02:54:53,4.09,3.6,1,1,0,11,4.8,86.4,45.8,
2016-04-21 03:56:04,4.1,2.7,1,1,0,11,3.9,88.8,45.8,
2016-04-21 04:57:15,4.09,2.7,1,1,0,11,3.9,89.4,45.8,
2016-04-21 05:58:25,4.07,3.1,3,1,0,13,4.2,90.4,45.8,
2016-04-21 06:59:34,4.08,4.1,3,1,0,13,4.9,88.4,45.8,
2016-04-21 08:00:44,4.09,-3.9,3,2,0,13,6.5,81.9,45.8,
2016-04-21 09:01:58,4.1,6.8,3,2,0,11,7.5,76,45.8,
2016-04-21 10:03:07,4.12,9.2,3,2,0,13,8.7,74.2,45.2,
2016-04-21 11:04:17,4.15,11.2,3,2,0,11,10,66.4,45.2,
2016-04-21 12:05:27,4.16,11.4,5,3,0,13,10.2,67.8,44.6,
2016-04-21 13:06:37,4.15,11.9,5,2,0,11,10.5,70.3,44.6,
2016-04-21 14:07:47,4.14,12.7,3,2,0,11,11.4,64.1,44.6,
2016-04-21 15:08:56,4.12,9.5,3,2,0,11,9.5,70.3,44,
2016-04-21 16:10:06,4.12,9.5,3,2,0,13,9.5,70.7,44,
2016-04-21 17:11:18,4.12,9.7,3,2,0,13,9.9,69.7,44,
2016-04-21 18:12:28,4.1,9.2,3,2,0,13,9.5,67.9,44,
2016-04-21 19:13:38,4.11,8.8,3,2,0,13,9.1,69.6,44,
2016-04-21 20:14:51,4.1,8.3,3,1,0,11,8.8,72.4,44,
2016-04-21 21:16:01,4.12,7.3,1,2,0,15,8,76,44,
2016-04-21 22:17:10,4.1,7.3,1,3,0,13,7.9,77,44,
2016-04-21 23:18:20,4.1,6.1,1,3,0,13,6.8,78.8,44,
2016-04-22 00:19:30,4.11,5.8,1,2,0,13,6.5,78.7,44.6,
2016-04-22 01:20:39,4.1,5.8,1,3,0,13,6.5,80.2,44,
2016-04-22 02:22:01,4.08,5.6,1,3,0,13,6.2,79.9,43.5,
2016-04-22 03:23:11,4.08,5.3,1,3,0,13,6.1,81.1,43.5,
2016-04-22 04:24:20,4.1,4.6,1,3,0,13,5.5,82.3,43.5,
2016-04-22 05:25:44,4.1,4.4,1,3,0,13,5.4,80.6,43.5,
2016-04-22 06:26:55,4.1,4.6,3,2,0,15,5.5,78.8,43.5,
2016-04-22 07:28:05,4.09,5.3,3,3,0,13,6.2,76.9,43.5,
2016-04-22 08:29:16,4.11,6.3,3,2,0,15,7.2,73.2,43.5,
2016-04-22 09:30:25,4.12,8.3,3,2,0,15,8.4,72.6,43.5,
2016-04-22 10:31:35,4.14,9.7,3,2,0,13,9.1,67.1,42.9,
2016-04-22 11:32:45,4.16,10.7,4,2,0,15,10,59,42.9,
2016-04-22 12:33:55,4.15,12.2,5,2,0,13,10.8,53.6,42.9,
2016-04-22 13:35:04,4.14,12.4,5,2,0,13,11.1,56.1,42.3,
2016-04-22 14:36:30,4.15,12.4,5,2,0,15,11.3,52.3,42.3,
2016-04-22 15:37:39,4.15,12.2,5,2,0,13,11.3,43.7,41.7,
2016-04-22 16:38:50,4.12,11.9,3,2,0,13,11.6,47.1,41.7,
2016-04-22 17:39:59,4.13,12.9,3,1,0,13,11.6,48.9,41.7,
2016-04-22 18:41:09,4.11,13.2,3,1,0,13,11.4,46.6,41.7,
2016-04-22 19:42:29,4.1,11.4,3,1,0,13,10.5,53.1,41.2,
2016-04-22 20:43:39,4.08,8.5,2,2,0,15,9.1,57.2,41.7,
2016-04-22 21:44:53,4.12,7.1,1,2,0,13,7.8,65.8,41.2,
2016-04-22 22:46:03,4.11,5.8,1,1,0,13,6.9,72.8,41.2,
2016-04-22 23:47:12,4.1,4.9,1,1,0,15,6,78.5,41.2,
2016-04-23 00:48:21,4.1,4.4,1,1,0,11,5.5,81.9,41.2,
2016-04-23 01:49:30,4.09,3.9,1,2,0,15,5,83.8,41.7,
2016-04-23 02:50:39,4.08,2.2,1,1,0,9,3,87.5,41.2,
2016-04-23 03:51:50,4.1,2.4,1,1,0,13,3.8,91.2,41.2,
2016-04-23 04:52:59,4.09,3.4,1,1,0,13,4.4,88.3,41.2,
2016-04-23 05:54:08,4.09,2.4,3,1,0,9,3.6,88.7,41.2,
2016-04-23 06:56:00,4.09,2.9,3,1,0,15,4.3,93.1,41.2,
2016-04-23 07:57:10,4.07,4.6,3,1,0,13,5.9,89.3,41.2,
2016-04-23 08:58:20,4.09,7.1,3,1,0,15,7.6,72.5,41.2,
2016-04-23 09:59:29,4.12,9,3,1,0,13,8.1,69.6,41.2,
2016-04-23 11:00:38,4.11,7.1,3,1,0,15,7.2,65.1,41.2,
2016-04-23 12:01:49,4.12,8.5,3,1,0,15,7.7,61,41.2,
2016-04-23 13:02:59,4.12,9,3,1,0,7,7.2,69.6,40.6,
2016-04-23 14:04:28,4.12,9,3,1,0,15,7.9,55.9,40.6,
2016-04-23 15:05:42,4.15,10.2,5,2,0,13,9.3,59.2,40.6,
2016-04-23 16:06:52,4.11,8.3,3,1,0,15,7.9,53.9,40.6,
2016-04-23 17:08:02,4.1,7.5,3,2,0,15,7.8,40.9,40,
2016-04-23 18:09:01,4.12,8.8,3,2,0,15,8,35.3,40,
2016-04-23 19:10:10,4.11,8.8,3,1,0,15,7.5,39.4,40,
2016-04-23 20:11:42,4.12,4.9,3,1,0,15,5.5,49.8,40,
2016-04-23 21:13:05,4.09,3.6,1,1,0,15,4.7,55.6,40,
2016-04-23 22:14:16,4.07,3.1,1,1,0,15,4.2,59.1,40,
2016-04-23 23:15:25,4.09,1.9,1,1,0,13,3.4,65.5,40,
2016-04-24 00:16:34,4.1,2.4,1,0,0,13,3.8,70.4,40,
2016-04-24 01:17:43,4.07,1.9,1,1,0,15,3.2,76.1,40,
2016-04-24 02:18:55,4.1,1.7,1,1,0,13,3.1,80.4,40,
2016-04-24 03:20:06,4.08,1.9,1,1,0,13,3.4,83.5,40,
2016-04-24 04:21:18,4.09,1.7,1,0,0,13,3.1,85.4,40,
2016-04-24 05:22:27,4.09,1.2,1,1,0,13,2.8,88.2,40,
2016-04-24 06:23:37,4.04,1.4,3,1,0,11,3.1,82,40,
2016-04-24 07:24:47,4.08,4.1,3,1,0,15,5,83,40,
2016-04-24 08:25:56,4.08,4.9,3,0,0,9,5.5,75.1,40,
2016-04-24 09:27:06,4.13,7.5,3,1,0,15,6.7,67.4,39.4,
2016-04-24 10:28:15,4.12,8,3,1,0,1,7.3,52.6,39.4,
2016-04-24 11:29:39,4.09,3.6,3,1,0,7,4.5,55.8,39.4,
2016-04-24 12:30:49,4.11,4.6,3,2,0.4,9,4.8,73.5,40,
2016-04-24 13:32:02,4.13,5.8,3,2,0,7,4.8,78.2,40,
2016-04-24 14:33:12,4.15,8,3,2,0,9,6.3,72.6,40,
2016-04-24 15:34:22,4.15,9.5,5,1,0,11,7.7,64.8,40,
2016-04-24 16:35:33,4.12,5.3,3,2,0,13,5.6,74.6,40,
2016-04-24 17:36:44,4.12,3.9,3,1,0,11,4.3,79.8,40,
2016-04-24 18:37:54,4.09,7.1,3,2,0,15,6,78.1,40,
2016-04-24 19:39:13,4.11,2.9,3,1,1.4,15,3.8,85.3,44,
2016-04-24 20:40:22,4.06,2.2,2,1,0.4,11,3.2,84.4,46.7,
2016-04-24 21:41:33,4.09,-7.1,1,1,0,9,2.2,89.6,45.8,
2016-04-24 22:42:45,4.1,0.2,1,1,0.2,9,1.4,91.7,45.2,
2016-04-24 23:43:54,4.09,0.7,1,0,0,11,1.9,91.3,44.6,
2016-04-25 00:45:04,4.09,0.7,1,1,0,11,1.7,92.7,44.6,
2016-04-25 01:46:28,4.05,0.5,1,0,0,9,1.7,90.9,44.6,
2016-04-25 02:47:37,4.07,0.5,1,1,0.2,11,1.8,93.7,44.6,
2016-04-25 03:48:46,4.09,1.4,1,1,0,13,2.7,90.2,46.2,
2016-04-25 04:49:57,4.09,1.2,1,0,0,9,2.2,93.2,47.9,
2016-04-25 05:51:06,4.07,1.2,3,1,0.4,15,2.2,92.8,49,
2016-04-25 06:52:18,4.08,1,3,0,0.2,15,1.8,91.5,49,
2016-04-25 07:53:28,4.08,1,3,1,0.2,7,2.2,92.5,48.5,
2016-04-25 08:54:38,4.09,2.9,3,0,0.4,9,4.4,86.6,47.9,
2016-04-25 09:55:49,4.12,6.1,3,1,0.4,9,5.6,74.9,46.7,
2016-04-25 10:56:58,4.15,8.5,3,1,0,9,6.7,63.6,46.7,
2016-04-25 11:58:07,4.1,5.6,3,1,0,7,4.8,58.2,47.3,
2016-04-25 12:59:17,4.12,5.3,3,1,0,1,4.7,68.2,46.7,
2016-04-25 14:00:26,4.12,7.1,3,2,0,5,6.5,64.8,46.7,
2016-04-25 15:01:38,4.12,8.8,3,1,0,5,7.7,60.6,46.7,
2016-04-25 16:02:50,4.12,7.3,3,2,0,9,7,64.4,46.2,
2016-04-25 17:03:59,4.1,5.1,3,2,0.2,5,5.9,72.4,46.2,
2016-04-25 18:05:10,4.12,2.7,3,1,0.2,9,3,87.8,46.2,
2016-04-25 19:06:18,4.07,2.7,3,1,1.2,5,3.6,89.4,48.5,
2016-04-25 20:07:30,4.11,2.7,3,1,0.8,7,3.7,89.6,52.5,
2016-04-25 21:08:39,4.1,1.4,1,1,0.8,9,2.2,90.2,54,
2016-04-25 22:09:49,4.11,2.2,1,1,0,5,3.1,92.3,54.6,
2016-04-25 23:10:59,4.06,1.7,1,0,0.2,11,3,91.6,54,
2016-04-26 00:12:08,4.09,0.7,1,0,0,3,2,92.6,54,
2016-04-26 01:13:18,4.08,0,1,0,0,13,1.4,93.2,53.7,
2016-04-26 02:14:27,4.07,1.9,1,0,0,5,2.8,94.1,53.7,
2016-04-26 03:15:38,4.07,2.4,1,1,0,15,3.2,93.7,53.7,
2016-04-26 04:16:48,4.07,2.2,1,1,0,13,3.3,92.2,53.1,
2016-04-26 05:17:57,4.08,2.7,1,1,0,11,3.6,91.1,53.1,
2016-04-26 06:19:08,4.09,3.4,3,1,0,13,4.5,89.4,52.5,
2016-04-26 07:20:17,4.07,4.1,3,1,0.2,13,5.1,86.5,52.5,
2016-04-26 08:21:28,4.1,4.9,3,2,0,9,5.8,81.5,52.5,
2016-04-26 09:22:37,4.08,5.3,3,1,0,15,6.2,79.8,52.5,
2016-04-26 10:23:48,4.1,2.9,3,2,0.8,13,3.4,89.7,54,
2016-04-26 11:24:56,4.08,2.4,3,1,3.4,5,3.2,91.2,64.8,
2016-04-26 12:26:06,4.11,2.2,3,2,1.8,7,2.8,91.7,65.4,
2016-04-26 13:27:16,3.96,2.9,3,2,1.8,5,3.4,92.6,66.5,
2016-04-26 14:28:25,4.08,3.1,3,2,1.2,5,3.9,89.7,66,
2016-04-26 15:29:35,4.1,3.9,3,1,0.4,5,4.3,90.3,64.2,
2016-04-26 16:30:45,4.13,5.1,3,1,0,9,5.4,87.8,62.5,
2016-04-26 17:31:54,4.09,6.1,3,1,0,15,6,85.3,61.9,
2016-04-26 18:33:03,4.11,4.9,3,1,0,13,5,87.1,61.5,
2016-04-26 19:34:14,4.05,3.9,3,1,0,1,4.5,88,61,
2016-04-26 20:35:22,4.09,3.4,2,1,0,9,4.1,88.2,61,
2016-04-26 21:36:33,4.09,1.9,1,0,1,11,2.6,91.3,61.9,
2016-04-26 22:37:42,4.06,0.2,1,1,1.8,15,1,91.9,67.1,
2016-04-26 23:38:54,4.09,1.4,1,1,3.2,3,2.5,92.4,69.4,
2016-04-27 00:40:03,4.1,1.4,1,1,2.4,11,2.2,92.4,69.4,
2016-04-27 01:41:16,3.97,1,1,1,2,15,1.8,93.3,68.8,
2016-04-27 02:42:26,4.1,1.4,1,1,1.2,15,2.2,93.5,67.7,
2016-04-27 03:43:35,4.07,2.2,1,2,0.2,15,3.2,88.3,65.4,
2016-04-27 04:44:46,4.07,1.7,1,1,0.2,15,2.7,90.1,66,
2016-04-27 05:45:55,4.07,1.4,3,1,0.4,13,2.3,91.9,65.4,
2016-04-27 06:47:06,4.09,2.2,3,2,0,13,2.9,91.7,65.4,
2016-04-27 07:48:15,4.08,2.4,3,2,0.6,5,3.3,92.4,64.8,
2016-04-27 08:49:24,4.07,3.4,3,1,0.4,7,4.1,91.5,64.8,
2016-04-27 09:50:35,4.11,3.6,3,2,1,9,4.6,88.8,65.4,
2016-04-27 10:51:44,4.14,5.1,3,1,0,5,5.4,88.5,64.2,
2016-04-27 11:53:11,4.14,8,3,1,0,15,7.6,74.8,63.1,
2016-04-27 12:54:22,4.14,9.5,3,1,0,5,7.7,80.8,62.5,
2016-04-27 13:55:31,4.11,6.8,3,2,0,7,6,79.9,62.5,
2016-04-27 14:57:23,4.15,9.7,3,2,0,5,7.9,73.5,61.9,
2016-04-27 15:58:34,4.1,9.7,3,2,0,5,8,70.2,61.9,
2016-04-27 16:59:44,4.12,7.1,3,1,0,5,6.5,77.5,61.5,
2016-04-27 18:00:53,4.11,7.5,3,1,0,5,6.9,76.6,61.9,
2016-04-27 19:02:02,4.09,5.6,3,1,0,5,5.8,82.8,61.5,
2016-04-27 20:03:13,4.11,5.3,3,1,0,5,5.6,78.9,61.5,
2016-04-27 21:04:22,4.1,3.6,1,0,0,5,4.7,82.9,61.9,
2016-04-27 22:05:33,4.1,3.1,1,1,0,5,4.4,87.8,61.5,
2016-04-27 23:06:42,4.06,2.4,1,0,0,3,3.5,89.7,61.5,
2016-04-28 00:07:52,4.09,2.2,1,0,0,3,3.3,92,61.5,
2016-04-28 01:09:01,4.08,2.7,1,0,0,15,3.5,91.2,61.5,
2016-04-28 02:10:11,4.1,3.1,1,1,0,3,4,92.3,61,
2016-04-28 03:11:20,4.07,3.4,1,0,0,1,4.3,91.3,61,
2016-04-28 04:12:32,4.1,2.9,1,0,0,1,3.9,92,61,
2016-04-28 05:13:41,4.05,3.4,1,0,0,3,4,92.6,61,
2016-04-28 06:14:52,4.09,3.6,3,0,0,7,4.2,91.5,59.8,
2016-04-28 07:16:01,4.08,3.1,3,0,0.6,5,3.7,91,59.8,
2016-04-28 08:17:10,4.1,4.9,3,0,0.2,3,5.1,90.2,62.5,
2016-04-28 09:18:20,4.11,7.8,3,1,0,15,7.2,83.4,61.5,
2016-04-28 10:19:30,4.11,6.1,3,0,0,11,6,83.5,61.5,
2016-04-28 11:20:40,4.12,3.9,3,1,1.2,9,4.4,89.2,61.9,
2016-04-28 12:21:50,4.09,3.6,3,1,2.4,13,4.2,89.7,64.2,
2016-04-28 13:23:05,4.1,3.9,3,1,4,5,4.6,86.6,69.4,
2016-04-28 15:25:59,4.11,5.8,3,1,0,9,5.7,87.7,63.7,
2016-04-28 16:27:08,4.12,9.5,3,1,0,11,8.7,76.3,62.5,
2016-04-28 17:28:34,4.13,8.5,3,2,0,13,8.8,74.4,62.5,
2016-04-28 18:29:44,4.08,9.5,3,2,0,13,8.3,72.3,61.9,
2016-04-28 19:30:55,4.12,7.5,3,1,0,13,7.5,74.1,61.5,
2016-04-28 20:32:14,4.09,5.6,3,1,0,13,6.2,80,61.5,
2016-04-28 21:33:24,4.1,4.9,1,0,0,9,5.7,84.5,61.5,
2016-04-28 22:34:33,4.08,4.4,1,0,0,11,5.2,87.3,61.5,
2016-04-28 23:35:50,4.1,3.1,1,1,0,9,4.2,87.6,61.5,
2016-04-29 00:36:59,4.06,2.4,1,1,0,9,3.5,90.3,61.5,
2016-04-29 01:38:09,4.08,1.7,1,1,0,9,2.9,91.2,61,
2016-04-29 02:39:19,4.08,1.2,1,1,0,9,2.5,91.1,61,
2016-04-29 03:40:27,4.07,1.4,1,1,0,9,2.4,89.4,61,
2016-04-29 04:41:36,4.08,0.7,1,0,0,7,1.9,90.8,61,
2016-04-29 05:42:46,4.09,1.2,3,1,0,5,2.4,89.3,61,
2016-04-29 06:43:56,4.09,2.9,3,1,0,9,4,89.3,60.4,
2016-04-29 07:45:05,4.08,4.1,3,2,0,9,5.2,86.8,60.4,
2016-04-29 08:46:14,4.1,5.3,3,1,0,9,6.3,82.9,60.4,
2016-04-29 09:47:23,4.11,8.3,3,2,0,9,7.6,75.4,60.4,
2016-04-29 10:48:32,4.11,8.3,3,2,0,9,7.9,75.9,59.8,
2016-04-29 11:49:41,4.14,10,3,2,0,9,9,71.9,59.8,
2016-04-29 12:50:50,4.14,11.4,3,2,0.2,5,10.1,67.9,59.2,
2016-04-29 13:51:58,4.14,11,3,2,0,5,10,67.2,58.7,
2016-04-29 14:53:09,4.14,11.4,3,2,0,9,10.6,67.1,58.7,
2016-04-29 15:54:33,4.13,11.2,3,2,0,5,10.6,70,58.7,
2016-04-29 17:57:53,4.11,10.2,3,2,0,5,10.3,68.7,58.7,
2016-04-29 18:59:01,4.1,9.5,3,2,0,5,9.9,70.9,58.7,
2016-04-29 20:00:30,4.11,9.2,3,1,0,7,9.7,71.3,58.7,
2016-04-29 21:01:41,4.11,9.2,1,2,0,7,10.3,61.3,58.7,
2016-04-29 22:02:50,4.08,7.3,1,0,0,13,7.8,82.3,58.7,
2016-04-29 23:04:00,4.09,6.6,1,0,0,15,7.2,86.2,58.7,
2016-04-30 00:05:09,4.07,6.1,1,0,0,1,6.7,87.6,58.7,
2016-04-30 01:06:18,4.06,5.1,1,1,0,1,6.3,88.1,58.7,
2016-04-30 02:07:29,4.1,5.3,1,0,0,11,6.4,85.8,58.7,
2016-04-30 03:08:37,4.09,4.9,1,0,0,9,6.2,86.9,58.7,
2016-04-30 04:09:46,4.09,5.3,1,1,0,5,6.4,85.4,58.7,
2016-04-30 05:10:56,4.09,5.6,1,1,0,5,6.5,83.9,58.7,
2016-04-30 06:12:06,4.08,5.6,3,1,0,5,6.5,84.8,58.7,
2016-04-30 07:13:14,4.09,7.1,3,1,0,7,7.6,83.9,58.7,
2016-04-30 08:14:23,4.1,8,3,1,0,5,8.4,80.5,58.1,
2016-04-30 09:15:33,4.12,9.5,3,1,0,7,9.2,75.5,58.1,
2016-04-30 10:16:42,4.13,10.2,3,1,0,9,9.9,72.4,58.1,
2016-04-30 11:17:51,4.13,11,3,1,0,7,10.3,73.7,58.1,
2016-04-30 12:19:00,4.12,14.1,3,1,0,15,12.2,69.2,57.5,
2016-04-30 13:20:10,4.14,14.1,3,2,0,7,12.5,66.1,56.9,
2016-04-30 14:21:20,4.15,14.6,5,2,0,5,13.1,61.1,56.9,
2016-04-30 15:22:31,3.64,12.9,3,1,0,7,12,69.4,56.3,
2016-04-30 16:23:41,4.11,12.2,3,2,0,13,11.4,75.4,56.9,
2016-04-30 17:24:49,4.12,8.8,3,1,0.6,15,9.2,88.4,58.1,
2016-04-30 18:26:00,4.13,8.8,3,1,0,15,9.1,86.5,58.1,
2016-04-30 19:27:12,4.11,8.3,3,2,0,15,8.5,85,57.5,
2016-04-30 20:28:22,4.11,7.5,3,1,0,15,8.2,85.4,58.1,
2016-04-30 21:29:31,4.12,7.3,1,1,0,13,7.9,87.1,58.1,
2016-04-30 22:30:41,4.09,6.3,1,0,0,15,7.2,90.2,58.1,
2016-04-30 23:31:50,4.11,5.8,1,1,0,15,6.6,89.8,58.1,
2016-05-01 00:33:01,4.11,5.1,1,0,0,15,6.2,90.1,58.1,
2016-05-01 01:34:10,4.08,5.6,1,0,0,1,6.2,89.8,58.1,
2016-05-01 02:35:21,4.11,4.9,1,1,0,1,5.8,90.7,58.1,
2016-05-01 03:36:33,4.1,4.4,1,0,0,1,5.5,92.4,58.1,
2016-05-01 04:37:42,4.06,4.1,1,1,0,15,5.1,92.4,58.1,
2016-05-01 05:38:51,4.09,4.9,3,1,0,15,5.7,90.4,58.1,
2016-05-01 06:40:02,4.08,5.3,3,1,0,1,6.1,90.7,58.1,
2016-05-01 07:41:11,4.12,6.6,3,1,0,15,7.1,91,58.1,
2016-05-01 08:42:20,4.12,7.8,3,1,0,15,8,88.8,58.1,
2016-05-01 09:43:31,4.14,9,3,1,0,15,8.9,83.5,57.5,
2016-05-01 10:44:41,4.15,11.4,3,2,0,1,10.5,76.3,57.5,
2016-05-01 11:45:51,4.15,11.9,5,2,0,15,11.1,71.1,56.9,
2016-05-01 12:47:13,4.14,13.4,5,2,0,15,12,70.4,56.3,
2016-05-01 13:48:23,4.15,13.4,5,2,0.2,15,12.2,70.5,55.8,
2016-05-01 14:49:33,4.14,13.4,5,2,0,13,12.5,69.5,55.8,
2016-05-01 15:50:42,4.15,13.6,5,2,0,15,12.5,61.5,55.2,
2016-05-01 16:51:59,4.11,13.2,3,1,0,15,12.4,58,55.2,
2016-05-01 17:53:08,4.1,12.4,3,2,0,15,11.5,56.3,55.2,
2016-05-01 18:54:34,4.12,11.9,3,1,0,15,10.8,53.3,54.6,
2016-05-01 19:55:46,4.12,11,3,1,0,15,10.2,56.5,54.6,
2016-05-01 20:57:07,4.1,7.5,2,0,0,15,8.6,61.8,55.2,
2016-05-01 21:58:17,4.09,4.9,1,0,0,15,6.9,73.5,55.2,
2016-05-01 22:59:26,4.08,4.1,1,0,0,15,5.8,74.4,55.2,
